ApplicantIncome,CoapplicantIncome,LoanAmount,Loan_Amount_Term,Credit_History,Gender,Married,Education,Self_Employed,Property_Area,Loan_Status
59934.283060224654,16996.77718293001,166241.0862512809,240,1.0,Female,No,Graduate,No,Urban,Y
47234.713976576306,14623.168414563843,192774.0664642241,480,1.0,Female,Yes,Graduate,No,Rural,Y
62953.77076201385,10298.15184960087,160379.00395000193,240,1.0,Male,Yes,Graduate,No,Urban,Y
80460.5971281605,6765.316111472131,184601.923518048,240,0.0,Female,No,Not Graduate,No,Semiurban,Y
45316.93250553328,13491.11656806795,105319.26665231072,120,1.0,Male,Yes,Not Graduate,No,Urban,Y
45317.26086101639,11967.426927108749,210664.68536864693,360,1.0,Male,Yes,Not Graduate,No,Urban,Y
81584.25631014783,14475.966100138661,200060.27376811122,360,1.0,Male,No,Not Graduate,No,Semiurban,Y
65348.694583058175,13175.859008409847,159145.56844659048,240,1.0,Female,Yes,Graduate,No,Rural,Y
40610.51228130096,15247.763576596677,232962.28342162026,120,1.0,Female,No,Graduate,No,Rural,Y
60851.200871719295,7323.82394219716,246878.50688132792,480,1.0,Female,No,Not Graduate,Yes,Semiurban,Y
40731.64614375075,16586.97032817163,119622.00678155129,360,0.0,Female,No,Not Graduate,Yes,Semiurban,N
40685.404928594864,10987.998023461998,,240,1.0,Male,Yes,Not Graduate,No,Rural,Y
54839.24543132068,20376.304363126328,161542.88251063507,360,1.0,Female,No,Not Graduate,No,Urban,Y
11734.395106844044,6554.060909552161,153004.84494455677,360,0.0,Male,No,Graduate,Yes,Semiurban,N
15501.643349739345,18679.819015826244,,480,1.0,Male,Yes,Not Graduate,No,Urban,Y
38754.249415180544,10989.553917313238,190308.6930613598,120,0.0,Male,Yes,Graduate,No,Semiurban,N
29743.377593311525,6742.909981927758,186774.25793446947,480,1.0,Female,Yes,Graduate,No,Rural,Y
56284.94665190548,7580.570829728393,,120,1.0,Male,Yes,Graduate,No,Urban,Y
31839.51848957578,8398.2634590284,231770.90151046132,360,1.0,Male,No,Graduate,No,Urban,Y
21753.925973294172,12120.829732009583,138037.08025732636,240,1.0,Female,Yes,Not Graduate,No,Semiurban,N
79312.97537843109,12614.177440177498,202996.63151331642,480,1.0,Male,Yes,Not Graduate,No,Urban,Y
45484.47399026929,7131.499980307105,213868.8468979096,120,1.0,Female,Yes,Not Graduate,No,Semiurban,Y
51350.564093758476,9878.227038695086,268032.9297919326,360,1.0,Female,Yes,Not Graduate,No,Rural,Y
21505.036275730865,20711.35179305932,,120,1.0,Female,No,Graduate,No,Urban,Y
39112.34550949634,18637.715850503555,49024.39220895874,120,0.0,Male,Yes,Graduate,No,Semiurban,N
52218.451794197324,12181.61834837016,209192.47723768474,120,1.0,Female,No,Graduate,No,Urban,Y
26980.128451553945,10190.017390841002,290025.55907554267,360,0.0,Female,Yes,Not Graduate,No,Semiurban,N
57513.96036691344,10600.156633591307,261947.31764697187,240,1.0,Female,No,Graduate,No,Semiurban,N
37987.2262016239,13067.589863652083,210482.97076373128,240,1.0,Female,No,Graduate,No,Semiurban,N
44166.12500413446,4886.037174007972,175418.19071839764,240,0.0,Male,Yes,Graduate,Yes,Rural,N
37965.867755412066,8713.117312883274,240356.12983186552,120,1.0,Female,No,Graduate,No,Urban,N
87045.56369017877,1657.079630612052,151322.69001477657,360,1.0,Male,Yes,Not Graduate,No,Rural,Y
49730.05550524132,11996.115613026395,223817.88846781096,120,1.0,Female,No,Graduate,No,Semiurban,Y
28845.781420881995,13235.979698513705,225273.50795833135,240,0.0,Male,No,Graduate,No,Semiurban,N
66450.89824206378,7584.06768850313,253010.495374944,240,1.0,Female,No,Not Graduate,No,Rural,Y
25583.127000579556,17869.933816450164,337983.0019455539,360,1.0,Male,Yes,Not Graduate,No,Rural,N
54177.27190009511,3871.171684988294,219620.79835893837,120,1.0,Female,No,Not Graduate,No,Urban,Y
10806.597522404489,2678.125598950899,174551.81871462506,480,1.0,Male,Yes,Graduate,No,Semiurban,N
23436.27902203139,11122.25909279986,198721.28439040028,480,1.0,Male,No,Graduate,No,Rural,Y
53937.22471738247,15235.491513060773,111546.20475554408,240,0.0,Male,No,Graduate,No,Semiurban,N
64769.33159990821,18419.638457289344,165264.3434455471,360,1.0,Female,No,Graduate,Yes,Semiurban,N
53427.36562379941,7705.5786856553,179535.8780943448,120,1.0,Male,No,Not Graduate,Yes,Urban,Y
47687.03435223519,15393.404167156477,173795.58010327036,120,1.0,Male,No,Graduate,No,Urban,Y
43977.926088214226,9807.457652496463,207617.7436016861,240,1.0,Male,No,Graduate,No,Urban,Y
20429.560192651454,9136.863500295902,158879.00338088998,240,1.0,Male,Yes,Not Graduate,No,Rural,N
35603.115832105825,14418.299687433362,256051.53336622356,120,1.0,Female,Yes,Not Graduate,No,Semiurban,Y
40787.22458080425,13261.614392067098,200010.35324590985,120,1.0,Male,Yes,Not Graduate,No,Rural,Y
71142.44452437831,2118.039215078753,199534.98394306927,240,1.0,Male,No,Graduate,Yes,Rural,Y
56872.36579136923,17382.70174862948,183605.26417435412,120,1.0,Male,Yes,Graduate,No,Urban,Y
14739.19689274532,16900.45677073726,207759.53419294895,480,1.0,Female,No,Graduate,No,Semiurban,N
56481.6793878959,6872.1864924523525,241254.91323338173,240,1.0,Male,Yes,Graduate,No,Semiurban,Y
42298.35439167367,11979.017667187045,156643.48921445498,120,1.0,Male,Yes,Graduate,No,Urban,N
36461.55999388083,12470.150931413695,167094.17554623715,240,1.0,Male,No,Not Graduate,Yes,Semiurban,N
62233.52577681736,11303.368829119536,184813.69856116676,360,1.0,Male,No,Not Graduate,No,Urban,Y
70619.99044991902,7248.474230772899,132706.45382633928,240,1.0,Female,Yes,Graduate,No,Rural,Y
68625.60238232397,6641.883160309742,159037.1070139251,240,1.0,Male,Yes,Graduate,No,Rural,Y
33215.64953554723,9872.229645042773,176188.95632276704,360,1.0,Male,Yes,Graduate,No,Urban,Y
43815.75248297571,15863.645096296823,243719.4590356364,480,0.0,Female,Yes,Graduate,No,Rural,Y
56625.26862807128,12718.000772972162,213128.06645009626,120,0.0,Female,No,Graduate,Yes,Rural,Y
69510.90254244718,8146.92833956947,209679.49556837723,360,1.0,Female,Yes,Not Graduate,No,Urban,N
40416.5152430942,13858.493553241724,242544.8981083986,240,1.0,Male,No,Not Graduate,No,Rural,Y
46286.82046672366,-4242.713103150378,193131.41058003018,120,1.0,Female,No,Not Graduate,Yes,Semiurban,Y
27873.300519879434,15743.828501860517,219523.2424964445,360,1.0,Male,Yes,Graduate,No,Rural,Y
26075.867518386585,1301.4311061095013,194838.9123533752,120,1.0,Female,No,Graduate,No,Urban,Y
66250.51644788396,8187.7952929843395,213268.11746998143,120,0.0,Male,Yes,Not Graduate,No,Semiurban,N
77124.80057141646,4401.650526869281,170862.06711942088,360,1.0,Female,No,Not Graduate,No,Semiurban,Y
48559.797568393325,3526.592621395471,78059.14208617854,120,0.0,Male,No,Graduate,No,Rural,Y
70070.65795784048,15804.133936892598,193286.0418906848,480,,Female,Yes,Not Graduate,No,Semiurban,N
57232.72050095268,7661.493993440543,271137.406804997,360,1.0,Male,No,Not Graduate,No,Urban,Y
37097.60490789751,11732.51940865358,246310.77011207963,480,1.0,Male,No,Graduate,Yes,Semiurban,Y
57227.912110168276,9765.39710560408,248269.87422955854,240,0.0,Male,Yes,Not Graduate,No,Rural,Y
80760.73132931939,12385.204136115608,261806.5360903109,120,1.0,Male,No,Not Graduate,No,Rural,Y
49283.47921780097,10384.109455301277,204432.87954807188,240,1.0,Male,No,Not Graduate,No,Semiurban,Y
81292.87311628013,3585.0388790571515,209865.78537027977,240,1.0,Male,Yes,Graduate,No,Urban,Y
-2394.902081794884,14981.3340972357,169117.4052282825,120,1.0,Male,Yes,Not Graduate,No,Urban,N
66438.05008750448,7531.217084193438,184196.3571986475,360,1.0,Male,No,Not Graduate,No,Rural,Y
51740.94136476342,2217.0905067012445,,120,0.0,Female,No,Not Graduate,No,Rural,N
44019.85299068265,7859.424195170437,260194.2218584408,240,1.0,Male,No,Graduate,No,Urban,Y
51835.21553071005,17503.798953171554,193027.68621595003,240,0.0,Male,Yes,Graduate,No,Semiurban,N
10248.621707982144,14251.108710567463,177490.53675742942,360,0.0,Female,No,Not Graduate,No,Semiurban,N
45606.56224324976,8256.739327960704,200026.39794282988,120,1.0,Male,No,Graduate,No,Semiurban,Y
57142.25143023493,8253.711478407857,230060.33744645573,240,1.0,Female,No,Not Graduate,No,Semiurban,Y
79557.88089483032,8391.824743913086,127807.25919332291,480,1.0,Male,No,Graduate,No,Urban,Y
39634.59563452705,20383.739917804203,85190.9523431381,240,1.0,Female,No,Graduate,No,Rural,N
33830.12794213625,11909.677261157767,172473.15752542083,240,1.0,Female,No,Not Graduate,No,Rural,Y
39964.85912830927,12150.208235955348,138964.37870429206,360,0.0,Male,Yes,Not Graduate,No,Semiurban,N
68308.04235404148,15151.41727015921,174592.99011763447,480,0.0,Female,Yes,Not Graduate,Yes,Urban,Y
56575.02219319369,11193.945795132568,192610.98405912644,240,0.0,Male,No,Graduate,No,Urban,N
39404.79592465922,8704.789270896485,177337.57954884932,240,0.0,Male,No,Not Graduate,No,Semiurban,N
60265.34866226712,9018.250754575109,272623.3767235373,480,1.0,Male,Yes,Graduate,No,Semiurban,Y
51941.55098696081,9641.99370292968,216337.238230116,120,1.0,Male,Yes,Graduate,No,Semiurban,Y
69372.89981065778,9813.888817450792,215023.7179805414,120,0.0,Female,Yes,Not Graduate,No,Rural,N
35958.93812245295,13638.147718184899,231110.3572021701,240,1.0,Male,No,Graduate,No,Semiurban,N
43446.75706804464,10259.729429036497,143058.34411096154,240,1.0,Female,No,Not Graduate,No,Rural,Y
42157.83693735685,13663.200386077897,251955.58937101343,120,,Female,No,Graduate,No,Urban,N
20729.701037357627,9596.417099457089,196211.78567322702,360,0.0,Male,No,Not Graduate,Yes,Urban,N
55922.40554129152,10393.175951580453,233524.03086206064,480,0.0,Male,Yes,Graduate,No,Rural,Y
55221.105443597786,8.99657733946151,146407.13834799224,480,0.0,Male,Yes,Graduate,No,Rural,N
50102.269132849215,14581.638373512407,122312.06169919678,360,0.0,Male,Yes,Not Graduate,No,Rural,Y
45308.25733249706,11732.442379489963,240894.48290125144,360,1.0,Female,Yes,Graduate,No,Rural,Y
21692.585158991715,14990.050549298261,218820.47630487583,360,1.0,Male,No,Not Graduate,Yes,Semiurban,Y
41587.09354469282,-4481.2768909684455,154897.4222821245,360,1.0,Female,No,Graduate,No,Urban,Y
43145.70966946461,20441.87352390364,156516.84593626528,360,1.0,Male,Yes,Graduate,No,Semiurban,Y
33954.45461556762,9302.051859224131,256271.73922073847,360,1.0,Male,Yes,Graduate,Yes,Rural,N
46774.285766679815,15540.914083687581,140529.4053566336,480,1.0,Male,Yes,Not Graduate,No,Semiurban,Y
58081.01713629077,4800.470364372346,282133.6476627982,360,0.0,Male,Yes,Not Graduate,No,Semiurban,N
87723.7180242106,13063.869525312848,154968.96326760657,120,1.0,Female,Yes,Not Graduate,No,Urban,Y
53491.55625663678,4732.922184131719,231919.59628041915,360,1.0,Female,No,Not Graduate,No,Semiurban,Y
55151.00781445529,6881.155196520975,183569.07621255078,360,0.0,Male,No,Not Graduate,No,Urban,N
48511.081684676654,19570.15676933393,230159.37155411716,480,0.0,Female,Yes,Graduate,No,Rural,Y
11624.575694019171,9046.587996183267,172794.29989429037,480,1.0,Female,Yes,Graduate,No,Semiurban,N
49469.722491015666,11087.164365898614,191860.3546963853,360,1.0,Male,Yes,Not Graduate,No,Rural,Y
51204.604198820525,14350.33865344377,202045.95876978606,480,1.0,Male,No,Graduate,No,Urban,N
99264.84224970572,12478.409439863022,149890.62721092638,240,1.0,Female,No,Graduate,No,Rural,Y
46152.78070437755,10752.094525717883,,480,1.0,Female,No,Graduate,No,Rural,Y
56030.94684667225,11824.805012331128,174339.32167642075,480,0.0,Female,Yes,Graduate,No,Urban,N
49305.764605895136,22017.077926191378,188570.00423299908,480,1.0,Female,No,Not Graduate,No,Rural,Y
26626.43924760936,9711.906014832073,150282.5312695744,480,0.0,Male,Yes,Graduate,No,Rural,N
72856.45629030041,11005.495233574837,71883.31706023448,120,0.0,Male,No,Not Graduate,No,Rural,N
65038.66065373548,15253.27198003806,190448.61186999155,120,1.0,Female,No,Not Graduate,Yes,Semiurban,Y
65820.63894086094,15527.629664789918,320630.7710806458,120,1.0,Male,No,Graduate,No,Rural,Y
31812.25090410522,15935.1515278019,239230.21439490118,360,1.0,Female,Yes,Not Graduate,No,Urban,N
78055.88621872198,13193.651110145924,199036.98101328028,360,1.0,Female,Yes,Graduate,No,Semiurban,Y
21962.97874415438,4284.975436347582,186855.45853958663,240,1.0,Male,No,Graduate,Yes,Semiurban,N
61737.14187600541,18167.15766150548,201123.2946406023,120,,Female,Yes,Graduate,No,Urban,N
93809.11251619957,4268.2730349065605,227355.9557587605,360,0.0,Female,Yes,Not Graduate,No,Rural,N
30189.27349738623,11513.177326195166,140959.35923455775,480,0.0,Male,Yes,Not Graduate,No,Semiurban,N
38674.04540794456,6228.62074990321,255716.0847334436,480,1.0,Male,Yes,Not Graduate,No,Semiurban,Y
51993.02730175282,9679.308267035038,235769.0657720622,120,1.0,Female,Yes,Graduate,No,Semiurban,Y
39930.48691767602,11643.812051517401,235909.28628539672,240,1.0,Female,Yes,Graduate,Yes,Rural,Y
18986.731378677345,11606.786077251365,221923.78694048637,240,1.0,Male,Yes,Graduate,No,Semiurban,Y
51371.25949612055,12109.603771176424,200980.83288469948,480,1.0,Female,No,Not Graduate,Yes,Urban,Y
28753.925725477904,18068.556345293237,233643.061798341,240,0.0,Female,Yes,Graduate,No,Rural,N
59471.84861270363,12267.6715075699,229590.70668706892,120,1.0,Male,Yes,Graduate,No,Urban,Y
31611.515315323937,8779.216823546756,182297.9644529488,480,1.0,Male,No,Not Graduate,No,Urban,Y
80998.68810035079,14820.435841441787,171319.91135515494,360,1.0,Male,No,Not Graduate,No,Semiurban,Y
34334.93415327526,15947.352444623204,205092.81476309933,360,1.0,Male,No,Not Graduate,No,Semiurban,N
43558.76967588649,3861.960924315038,277451.00757475937,240,1.0,Male,No,Graduate,No,Semiurban,Y
66270.3443473934,12987.00034924929,138044.64621730495,480,1.0,Male,Yes,Graduate,No,Urban,Y
25382.713671320897,13505.863711554492,126623.736712378,480,1.0,Female,No,Graduate,No,Rural,N
54549.19869208259,8512.18248320004,208238.04206182584,360,1.0,Female,No,Not Graduate,No,Semiurban,Y
76142.85508564857,16878.534066558095,202544.3850928009,480,1.0,Male,Yes,Not Graduate,Yes,Semiurban,N
17850.335308775448,9249.722064837366,208667.08321852042,480,1.0,Male,Yes,Not Graduate,No,Urban,Y
53692.677170646086,10627.88226735771,212197.65989542502,480,1.0,Female,Yes,Not Graduate,No,Rural,Y
55197.65588496847,9134.640878580652,188839.88726825974,240,0.0,Female,No,Graduate,Yes,Urban,N
65636.45743554621,10077.895237907338,274493.1719301041,480,1.0,Female,Yes,Graduate,No,Semiurban,Y
25260.98578243836,4518.624565523991,119954.80107617422,120,1.0,Male,No,Graduate,No,Urban,N
23590.867738314475,2799.7455870285285,158575.1487609877,240,1.0,Male,Yes,Graduate,Yes,Semiurban,Y
60438.83131233795,17972.525316124862,194837.26199254763,480,1.0,Female,Yes,Graduate,No,Rural,N
55939.693464663724,5765.193258408361,117840.55944229163,480,1.0,Male,No,Graduate,No,Urban,Y
55009.85700691753,5043.038252718464,191207.27977839645,120,1.0,Male,Yes,Graduate,No,Semiurban,N
56928.964189939514,-766.9505680185739,283073.50828640093,240,1.0,Male,Yes,Graduate,Yes,Semiurban,Y
36399.505568430184,6805.191261552489,201044.3244147981,360,1.0,Female,Yes,Not Graduate,No,Semiurban,N
54645.07394322007,3384.5510329625085,211535.04528593417,360,0.0,Female,Yes,Not Graduate,No,Semiurban,N
55861.44946597362,18210.075800681843,,240,1.0,Male,Yes,Graduate,No,Urban,N
35712.97163947264,15049.08544671317,169181.92959802612,480,0.0,Male,No,Not Graduate,No,Semiurban,Y
87315.49022289514,6559.248274111382,181240.18098380315,480,1.0,Male,No,Graduate,No,Urban,Y
59476.65841823575,21262.179026721544,184114.2451621883,360,1.0,Male,Yes,Graduate,No,Semiurban,Y
26173.93005594703,14908.827434957971,264082.18975018844,360,1.0,Male,No,Not Graduate,No,Urban,Y
63131.07217267659,8375.843082456888,227884.55303625623,360,1.0,Female,No,Graduate,No,Urban,Y
30506.36659545357,-2497.028574367865,144427.1021531484,120,1.0,Male,No,Graduate,No,Semiurban,Y
65741.69207484904,21454.71286295371,212325.23892160025,360,0.0,Male,Yes,Graduate,No,Semiurban,N
73171.91158014808,3052.1376661820195,224911.08742483926,120,1.0,Male,Yes,Graduate,No,Semiurban,Y
33586.353632965795,1773.0062652155411,,240,1.0,Female,Yes,Graduate,Yes,Semiurban,Y
69267.52258488644,15112.852160048202,279027.03432841867,480,0.0,Female,No,Graduate,No,Rural,Y
58255.61853872996,22198.762031696366,149245.29040860658,360,0.0,Male,No,Graduate,No,Semiurban,N
66441.2031998898,16921.36409255259,159457.1244394831,480,1.0,Female,Yes,Not Graduate,No,Semiurban,Y
87935.85965307895,12819.545600261798,137121.10705426917,480,1.0,Female,Yes,Not Graduate,No,Semiurban,Y
45092.23767994259,12973.771708326429,188299.00704465093,360,1.0,Female,No,Graduate,No,Urban,Y
34925.27671285021,14267.077793901539,223317.91872231674,360,1.0,Female,No,Not Graduate,No,Semiurban,N
32209.711407489533,13794.642948933826,249366.7258294551,240,1.0,Female,Yes,Graduate,Yes,Urban,N
33683.79430069123,11405.957119846878,,120,1.0,Female,No,Graduate,No,Urban,N
48457.96581171791,10521.005519759381,184007.6238372578,120,1.0,Male,No,Graduate,No,Urban,Y
56823.03949633288,9687.034360502388,207587.89961243703,480,1.0,Female,No,Graduate,No,Urban,Y
55533.815986600384,6230.177055666619,158242.85491849884,360,1.0,Female,No,Not Graduate,No,Rural,Y
66543.66498072048,8596.62461566613,304476.9360847387,240,1.0,Male,No,Not Graduate,No,Semiurban,Y
50260.03783755814,1535.215929023072,119616.94864409706,240,1.0,Male,No,Not Graduate,No,Urban,Y
79070.68154314633,9508.30186602625,209237.02894478623,240,1.0,Male,No,Not Graduate,Yes,Semiurban,Y
44706.86333524088,5057.044464245412,301180.310961482,240,0.0,Male,Yes,Graduate,No,Urban,N
104403.38333179237,4482.053413921146,200339.9922279999,240,1.0,Female,Yes,Not Graduate,No,Rural,Y
62513.34695530013,10899.470755767392,190498.04824992528,120,1.0,Female,No,Graduate,No,Urban,Y
32856.848871674345,16960.011431722996,182127.72885947864,120,1.0,Female,No,Graduate,No,Semiurban,N
28582.150038777752,14591.583030011565,190980.41591187962,120,1.0,Female,No,Not Graduate,No,Semiurban,Y
59649.448304863705,2147.4969818841146,268642.4237338265,360,1.0,Male,Yes,Graduate,No,Rural,Y
45530.74429348298,5051.859317148313,89406.90443352466,480,0.0,Female,Yes,Not Graduate,No,Semiurban,Y
64280.00988184184,14703.85593994108,276671.68506481627,240,1.0,Female,No,Not Graduate,No,Semiurban,Y
59464.7524914709,5087.563032308452,128802.14237749274,360,,Male,Yes,Not Graduate,No,Urban,Y
48543.42174686254,8876.834250014877,186667.38353827927,240,1.0,Female,No,Not Graduate,Yes,Semiurban,Y
33064.1256386319,12750.260495122759,178537.77898506692,120,1.0,Female,No,Not Graduate,No,Urban,Y
19703.055506282708,5158.2777256818235,229427.663488536,360,1.0,Female,No,Graduate,No,Rural,Y
41069.70095865958,10526.8775307298,120093.78240581263,120,1.0,Female,No,Not Graduate,No,Semiurban,Y
67127.97588646944,3329.8725254089777,223108.63330409714,240,1.0,Male,No,Not Graduate,Yes,Urban,Y
54281.87488260408,6993.161780243932,301215.4811643426,240,1.0,Male,No,Graduate,No,Semiurban,Y
25085.22442576024,11598.909670712685,131841.29977035947,480,1.0,Male,No,Not Graduate,No,Urban,Y
53463.61851702364,2035.031332341654,209485.3083805198,240,1.0,Male,Yes,Not Graduate,No,Rural,Y
57706.347594576735,12202.373689801994,166900.89111016956,120,0.0,Male,No,Graduate,No,Urban,N
32322.85127597734,9901.811005366593,221294.3603096518,240,1.0,Female,Yes,Graduate,No,Semiurban,N
53074.50211891056,12762.44977208574,200957.3888707876,480,1.0,Female,No,Not Graduate,No,Urban,Y
51164.17436892,11119.570670323308,167925.65454778454,480,1.0,Male,No,Graduate,Yes,Semiurban,Y
27140.594043387537,16820.70214986922,224393.6142435537,120,1.0,Male,Yes,Not Graduate,No,Rural,Y
57155.747206965665,10626.122513239536,290217.40548933716,360,1.0,Male,Yes,Graduate,No,Urban,Y
61215.690527364684,7852.972294373735,190454.81041363507,240,0.0,Female,No,Not Graduate,No,Semiurban,N
71661.02486350553,10611.48751516142,235987.89710740908,480,1.0,Male,Yes,Not Graduate,No,Semiurban,Y
71076.04104069807,12716.490145181939,135336.3521064418,240,1.0,Female,No,Not Graduate,No,Semiurban,Y
22446.61264085818,10244.30035162852,152178.18115909956,240,1.0,Female,No,Graduate,No,Urban,N
31243.499201697545,10202.958456019413,223620.31389401888,360,0.0,Female,Yes,Not Graduate,Yes,Urban,N
60300.7053441732,6490.041560966223,274205.8014267982,480,1.0,Female,Yes,Graduate,No,Urban,Y
60275.71901824418,6685.495412245259,217780.667439283,240,1.0,Male,Yes,Not Graduate,No,Rural,Y
60300.95372612096,2986.973641001532,184347.09847384228,480,0.0,Female,Yes,Not Graduate,No,Semiurban,N
127054.62981309442,18747.883715934695,199964.5702711677,120,1.0,Female,No,Not Graduate,No,Semiurban,Y
61417.81021386334,3780.683823043574,137479.61330151412,120,0.0,Male,Yes,Not Graduate,No,Rural,N
72711.31280361197,6535.474011020464,230225.76631776834,240,1.0,Female,Yes,Not Graduate,No,Rural,Y
69080.03526986405,6407.963672154013,244116.65311617046,480,1.0,Female,Yes,Graduate,No,Urban,Y
63027.825026115956,14474.621884722206,177395.48335834598,240,1.0,Female,Yes,Graduate,No,Urban,Y
43694.61510719309,8525.25160853986,176497.89261202494,480,1.0,Male,Yes,Graduate,No,Urban,Y
65179.38440986535,16238.71036336867,213293.91148260242,480,1.0,Female,No,Not Graduate,Yes,Urban,Y
34543.495709248564,6632.546878780658,178164.01319797023,360,0.0,Female,No,Not Graduate,No,Urban,N
45263.62786519982,11394.97081111901,196693.3692687089,360,0.0,Male,Yes,Graduate,No,Urban,Y
40292.72904341793,5823.264733701213,304986.08945832576,360,1.0,Male,Yes,Not Graduate,No,Rural,Y
51637.482787726454,20725.74563886694,187648.71496270018,240,1.0,Female,No,Not Graduate,No,Rural,Y
96293.17133347018,4062.007904852436,182082.9923989389,360,1.0,Female,Yes,Not Graduate,No,Rural,Y
12654.696148165036,11549.103551135137,167622.90971824204,360,1.0,Male,No,Graduate,No,Semiurban,N
63725.20380749027,13168.884404660494,237209.59857499684,120,1.0,Female,No,Graduate,No,Semiurban,Y
17745.682576206967,12068.99548725749,190938.79133909484,480,1.0,Male,Yes,Graduate,No,Urban,N
40561.36268421133,9073.561705611459,167531.3480839287,480,1.0,Female,No,Graduate,Yes,Rural,Y
71779.01193934731,9350.896501332869,266065.2016136506,360,1.0,Male,Yes,Graduate,No,Semiurban,Y
51285.60038190926,10219.057359895549,270980.15022568183,480,1.0,Female,Yes,Not Graduate,No,Semiurban,Y
28445.104441413878,9264.989991857557,169978.82171306474,120,0.0,Male,No,Not Graduate,No,Rural,N
35693.925814800634,14819.395583974549,106673.00243196919,120,1.0,Male,No,Not Graduate,No,Semiurban,Y
63591.95497869352,21052.615007956756,250375.6844918461,360,0.0,Male,Yes,Not Graduate,No,Semiurban,Y
35392.66736565727,7212.541074960833,165768.5087119998,120,1.0,Male,No,Graduate,No,Rural,Y
54329.1717916395,3150.9851021046106,,480,1.0,Male,Yes,Graduate,No,Semiurban,Y
50911.436798076276,9558.589758243726,101494.80911440823,240,1.0,Female,No,Not Graduate,No,Rural,Y
36967.99304788366,22898.546688271592,244629.86691496545,480,1.0,Female,No,Graduate,No,Semiurban,N
92878.8817865065,5981.627160151345,139441.40353596094,240,1.0,Male,Yes,Not Graduate,No,Rural,Y
62678.38044636023,18195.584027220335,236538.20595332622,360,1.0,Female,Yes,Not Graduate,No,Semiurban,Y
9497.148266847857,18388.5040703822,200713.65339182172,240,0.0,Female,Yes,Not Graduate,No,Semiurban,N
53729.08629538855,7232.058791460027,152303.02903016776,120,0.0,Female,No,Not Graduate,No,Rural,N
36764.27070463224,12844.915395926377,179648.18435366097,480,0.0,Female,Yes,Graduate,No,Semiurban,N
67048.66669592448,18141.983115642688,234315.92284783506,240,1.0,Female,Yes,Not Graduate,No,Rural,Y
34149.58523134599,8104.361295062565,205294.72265576173,480,1.0,Female,No,Graduate,No,Rural,N
47705.27117066202,8982.098199488191,229220.64902362422,360,1.0,Male,No,Not Graduate,No,Semiurban,Y
60099.745579609145,7091.595430256781,298822.0292257743,360,1.0,Female,Yes,Not Graduate,No,Urban,Y
67315.10388340242,4926.216346535665,121787.91941444743,120,1.0,Female,Yes,Not Graduate,No,Semiurban,Y
25994.071858884476,6753.612274669964,280860.6287484312,360,0.0,Female,Yes,Not Graduate,No,Urban,N
43309.97528318103,3880.298666188717,205217.79687616066,240,,Male,Yes,Graduate,Yes,Urban,Y
40501.09377678088,10170.41734129613,155060.79758384358,360,1.0,Female,No,Not Graduate,No,Semiurban,Y
36933.41534852576,6150.133844706791,133484.3187130505,120,1.0,Female,No,Graduate,No,Urban,N
85309.08480562194,11168.929558953738,190543.9804611483,480,1.0,Female,Yes,Not Graduate,No,Rural,Y
58099.63421921911,2220.5217689818637,246082.50559622297,480,0.0,Male,Yes,Not Graduate,No,Rural,N
24782.320913299096,11654.401161072285,193622.54398112328,360,0.0,Female,Yes,Not Graduate,No,Urban,N
68357.23894109552,14167.644808044624,275557.7465123674,240,1.0,Male,No,Graduate,No,Rural,Y
92443.12394025267,31.321787142722314,127441.21549742206,120,1.0,Female,Yes,Not Graduate,No,Semiurban,Y
70649.30521102293,11870.282849237861,199395.55260769726,240,1.0,Male,Yes,Not Graduate,Yes,Rural,Y
19612.60068091973,16138.34496236646,137380.32777934405,120,1.0,Male,No,Not Graduate,No,Urban,Y
40315.31854267497,3951.7949065439725,218181.5941312484,360,1.0,Male,No,Not Graduate,No,Semiurban,Y
75338.22298373246,18362.861934188517,244344.36950486503,120,,Female,Yes,Not Graduate,No,Rural,Y
35846.61068762439,12095.095046830225,178961.91031594735,120,1.0,Male,Yes,Graduate,No,Semiurban,Y
58876.38856292457,6474.940721207956,69789.3071686433,360,,Male,No,Graduate,No,Urban,N
65492.68106858674,9721.15461171147,209947.4073398247,240,1.0,Male,Yes,Not Graduate,No,Rural,Y
31461.390568438343,12791.634562608611,221836.92758667548,360,1.0,Male,Yes,Not Graduate,No,Semiurban,N
48809.492878763995,10380.026957062057,220214.73774808488,120,0.0,Female,No,Graduate,No,Semiurban,N
-14825.346801381449,12693.779962231845,261789.1095911077,360,1.0,Female,No,Not Graduate,Yes,Rural,Y
29512.247173314205,5396.632034603169,146447.31601754756,120,1.0,Female,No,Graduate,No,Semiurban,Y
44948.636972136796,10846.80412018039,234010.80527252247,360,1.0,Female,Yes,Not Graduate,Yes,Semiurban,Y
25044.33636070301,2931.4275154750994,259625.37562389876,480,1.0,Male,No,Not Graduate,No,Urban,Y
82648.22607863271,9443.869693256498,111070.62079967416,480,0.0,Female,No,Graduate,No,Urban,Y
21397.172440787348,5480.461792676051,215982.59129594886,360,1.0,Male,Yes,Not Graduate,No,Urban,Y
41199.11026606032,6322.3502870511675,174791.00844961643,240,1.0,Female,Yes,Graduate,No,Urban,Y
52614.81154572183,16180.465876052187,195923.8663449177,120,1.0,Female,No,Graduate,No,Urban,Y
78825.4657813223,15456.550602971345,217383.82417691682,480,1.0,Female,No,Graduate,No,Urban,Y
21282.756976411212,13045.690604535885,175638.5717943224,240,1.0,Male,Yes,Not Graduate,Yes,Rural,Y
73263.27504309919,4538.436176637105,166214.5960419194,120,1.0,Female,Yes,Graduate,No,Urban,Y
50204.66122039174,8417.95775152599,201707.62087440124,480,1.0,Female,No,Graduate,No,Semiurban,Y
30369.826979040983,16065.488499895917,145637.70305685987,480,1.0,Female,No,Not Graduate,No,Rural,Y
59242.06948526541,10708.584568199523,145708.74355574074,360,1.0,Male,Yes,Not Graduate,No,Semiurban,Y
53981.1939114694,21596.64769990847,233968.66414782515,120,,Female,No,Not Graduate,No,Urban,Y
37995.66245682411,11966.58919697186,,240,1.0,Female,Yes,Not Graduate,No,Urban,Y
51396.04169980038,10960.245582450158,233315.6250454606,240,1.0,Male,No,Not Graduate,No,Semiurban,Y
42293.7280627648,8454.417678987493,223129.56464269757,240,1.0,Male,Yes,Not Graduate,No,Semiurban,Y
52270.34690502496,10667.704523911412,113709.66356047016,120,1.0,Female,Yes,Graduate,No,Semiurban,N
63242.61349042093,9237.650818097281,166121.76738321723,240,1.0,Female,No,Not Graduate,No,Rural,Y
81720.33632290704,13540.543383442953,259705.47015236862,240,1.0,Female,No,Graduate,No,Urban,Y
25243.69002346302,14783.51158397292,150941.72344301592,240,1.0,Male,Yes,Not Graduate,Yes,Semiurban,Y
92660.66749312534,6070.052697460253,176779.78688453062,360,1.0,Male,No,Graduate,No,Urban,Y
10958.244009549962,3343.8352322111095,223103.04466259482,360,0.0,Male,No,Graduate,No,Semiurban,Y
46964.29809928833,818.9731344835163,239169.52546412978,120,1.0,Female,No,Not Graduate,No,Urban,Y
61766.344129691526,12539.956634562717,187423.0556977752,120,1.0,Male,Yes,Not Graduate,Yes,Rural,Y
55619.837354700656,4483.1669691306315,170124.49026541793,240,1.0,Female,No,Graduate,Yes,Urban,Y
37546.00960358812,-764.4529647624149,271118.4930849254,360,1.0,Male,No,Not Graduate,No,Semiurban,N
45837.55499285449,11942.89302265482,286944.9831898789,480,1.0,Male,Yes,Not Graduate,No,Urban,Y
40139.98130682334,22464.997587163954,248942.9025390898,480,1.0,Male,No,Graduate,Yes,Rural,Y
38212.704861115766,9969.645442300533,204265.90712825122,240,1.0,Female,No,Graduate,No,Rural,Y
66992.04194042049,14192.45387225821,159586.7139179537,240,1.0,Female,Yes,Graduate,No,Urban,Y
57140.309719300945,10409.146792737825,158477.77967217175,360,1.0,Female,Yes,Not Graduate,No,Semiurban,Y
36141.80809478692,9505.551734044288,226125.70526328788,360,1.0,Female,No,Not Graduate,Yes,Rural,Y
67991.99750866502,14595.382414938842,220919.91104443418,360,1.0,Male,No,Not Graduate,No,Rural,Y
56145.990417532186,8548.627279056744,270079.92964732146,120,1.0,Female,Yes,Not Graduate,No,Urban,Y
66257.2423767792,11336.961570359515,232522.50462680697,120,0.0,Male,Yes,Graduate,Yes,Rural,Y
62592.57683847225,11608.489030980068,,240,1.0,Female,No,Not Graduate,No,Rural,Y
33420.09978155856,6659.547731784756,252597.38088614593,120,1.0,Female,No,Graduate,No,Semiurban,Y
38796.37919606061,14960.211747682613,150096.96863427936,360,1.0,Male,No,Not Graduate,No,Semiurban,Y
64945.87210246523,9125.201216522957,,360,1.0,Male,Yes,Not Graduate,No,Semiurban,Y
62207.405308669295,6221.274202535777,212510.01031258472,120,1.0,Female,No,Graduate,Yes,Urban,Y
49581.968120717036,12682.549217852018,299783.3744891982,480,1.0,Female,Yes,Not Graduate,Yes,Rural,Y
52346.54766617564,5507.660091044813,355495.92780026805,240,0.0,Male,Yes,Not Graduate,No,Urban,Y
75553.29791576849,10140.905786845642,230336.15295680915,480,,Male,Yes,Graduate,No,Rural,N
38168.5722232834,9954.405016778983,190840.1690639806,240,1.0,Male,No,Not Graduate,No,Rural,Y
60941.94762340076,15429.477829157891,226725.2824240275,480,1.0,Male,No,Graduate,No,Rural,Y
45956.14695132212,12373.491164399764,244382.7712936918,120,0.0,Male,No,Graduate,No,Semiurban,Y
45646.375935455595,9874.86520627428,,240,1.0,Female,Yes,Graduate,No,Urban,Y
71975.5370397438,14088.831496001436,289760.5677956161,240,0.0,Female,No,Graduate,No,Urban,Y
66508.3269797606,16951.037745086567,211503.5379595701,240,1.0,Female,Yes,Not Graduate,No,Rural,N
66270.19272001277,12789.05153175931,224887.1544545697,360,1.0,Female,Yes,Not Graduate,No,Urban,Y
76109.57614308658,10051.763099216903,233296.21260272307,360,1.0,Male,Yes,Not Graduate,No,Semiurban,Y
50420.076832655184,3440.8188382492026,221079.3305307228,480,1.0,Male,Yes,Graduate,Yes,Urban,Y
63639.05942589928,4674.431684623137,241947.02502348062,120,1.0,Male,Yes,Not Graduate,No,Rural,Y
43794.66486813088,8473.876478226663,169137.34067265384,360,1.0,Female,Yes,Not Graduate,No,Semiurban,Y
56483.32704976884,6952.438989203584,172084.91230269847,240,1.0,Male,No,Not Graduate,No,Semiurban,Y
47397.13891264631,9065.14348507277,144992.28835141525,360,1.0,Male,Yes,Not Graduate,Yes,Rural,Y
51939.919299854366,10283.249624485536,221975.0615310113,120,0.0,Female,No,Graduate,No,Urban,Y
61903.140508738274,12648.463771783654,238946.8251756057,360,1.0,Female,Yes,Graduate,No,Rural,Y
33635.58633533055,9647.506109704544,222888.6433075943,240,1.0,Female,No,Not Graduate,No,Urban,Y
91847.7455137092,12432.50821913101,283724.62166737684,480,1.0,Male,No,Graduate,No,Urban,Y
29879.65237000596,10322.372074050601,199720.19905854767,240,1.0,Male,No,Not Graduate,Yes,Semiurban,N
25716.227744245356,122.66716823064417,233437.08277962563,120,1.0,Female,No,Not Graduate,No,Rural,Y
73162.21747000136,5303.323030906228,,480,1.0,Female,Yes,Not Graduate,No,Semiurban,Y
65833.25387925871,9279.562221391923,180645.01487627995,360,1.0,Male,Yes,Graduate,No,Rural,Y
62482.3963410431,3951.5262857944626,234776.88787828886,360,0.0,Female,Yes,Not Graduate,No,Rural,N
62566.9101852856,12999.643649981022,242455.10553715721,360,1.0,Male,Yes,Graduate,No,Semiurban,Y
49755.06454306171,17653.754161718487,185301.6526167909,480,1.0,Female,No,Graduate,No,Rural,Y
32054.91257028337,16093.809258486584,196420.03740709665,240,1.0,Female,No,Not Graduate,No,Rural,Y
51516.091163874524,8932.78564534896,124106.31266595953,480,0.0,Female,No,Graduate,No,Urban,Y
36456.76576975777,17453.630684249758,182148.53995966952,480,1.0,Male,Yes,Graduate,No,Rural,Y
69502.39466835503,10743.337286010557,244519.15817598932,120,1.0,Male,No,Not Graduate,No,Rural,Y
47058.852369957225,8314.570144409803,228760.2508053283,480,1.0,Female,Yes,Graduate,No,Semiurban,Y
33490.05606414977,6932.986682295301,225033.28606906047,360,,Male,No,Graduate,No,Semiurban,N
43572.283166940135,8487.651567559358,202488.684359048,240,1.0,Female,No,Not Graduate,Yes,Rural,N
58258.62908551248,8059.115907293856,200353.15793140882,240,1.0,Female,No,Not Graduate,No,Urban,Y
38725.508943920504,10852.081111877438,166983.94302632764,240,1.0,Male,No,Graduate,Yes,Urban,Y
33555.59208867137,10802.869905249323,234941.42101012674,360,,Male,No,Not Graduate,No,Semiurban,N
54873.744229838245,10015.230100767072,221048.64721946948,360,0.0,Male,Yes,Not Graduate,No,Rural,N
54899.33142217446,12184.690848731749,224600.94239963996,360,1.0,Male,No,Graduate,No,Rural,Y
39861.1364925774,15953.231373931707,173698.257866621,360,,Female,Yes,Graduate,No,Urban,N
40579.23388763354,14747.77067720662,92332.85400643777,360,1.0,Male,Yes,Not Graduate,No,Urban,Y
54640.99874715273,2575.510157750482,254857.63558768478,480,1.0,Male,Yes,Graduate,No,Urban,N
21038.313170053516,-2769.605674509774,,360,1.0,Female,Yes,Not Graduate,No,Semiurban,Y
21850.724512468896,14671.599556196368,156861.21179784398,360,0.0,Female,Yes,Not Graduate,No,Rural,N
35631.11557495128,3165.6065079228947,234673.94559569968,360,0.0,Female,Yes,Graduate,No,Semiurban,N
45731.056965763055,8876.172990536583,180399.36800404353,360,1.0,Female,Yes,Graduate,Yes,Rural,Y
56218.15131196009,4149.434869703203,252996.8192023311,240,1.0,Male,Yes,Not Graduate,No,Semiurban,Y
79507.12433899104,990.0978120999007,230850.29747883487,360,1.0,Male,No,Not Graduate,No,Rural,Y
67153.19246404039,12707.31364102394,,480,1.0,Female,No,Not Graduate,No,Urban,Y
46801.229400731456,13795.775801513235,131702.2144399733,480,0.0,Female,Yes,Not Graduate,No,Urban,N
49619.67584194622,7117.4479963664035,260597.19926932003,480,1.0,Male,Yes,Graduate,No,Urban,Y
29949.412707243824,-2955.2114607245494,213062.5265616928,120,1.0,Male,Yes,Not Graduate,No,Semiurban,N
49629.7372801522,7268.777758737586,181536.14303768985,240,0.0,Male,No,Graduate,No,Urban,Y
44226.82722159723,11959.020027012732,207169.42336711255,360,1.0,Male,No,Graduate,No,Rural,Y
56454.37120676179,2605.4421561293566,111188.238355084,120,1.0,Male,Yes,Not Graduate,No,Semiurban,Y
33455.38112895354,10916.799598895777,220432.64057403355,360,1.0,Female,Yes,Graduate,No,Rural,Y
60386.930284823444,9923.450754135023,148531.4245908964,120,1.0,Female,No,Graduate,No,Semiurban,Y
80654.77826005155,12896.457498005442,132366.48570782327,120,1.0,Female,No,Not Graduate,No,Rural,Y
47824.79703086285,10597.901842070767,123882.04068910544,480,1.0,Female,Yes,Graduate,No,Rural,Y
58034.23444197883,5134.6552955922225,255634.41874949625,480,1.0,Male,Yes,Graduate,Yes,Semiurban,Y
63802.87983422225,15982.857508322457,168536.83031536057,120,0.0,Female,Yes,Not Graduate,No,Semiurban,N
41975.59056228327,9207.35213486515,276686.385495825,480,1.0,Male,Yes,Not Graduate,No,Urban,Y
54481.84963620834,9863.477302450341,173209.9268473851,120,1.0,Male,No,Not Graduate,No,Urban,Y
50251.8480156359,5333.6602046340195,114632.10212035266,240,1.0,Male,No,Not Graduate,No,Rural,Y
51953.52197097663,7783.5887440424485,144173.77800256704,480,1.0,Male,Yes,Not Graduate,No,Rural,Y
34539.80432289067,5575.986429865496,261790.58100034692,480,1.0,Male,Yes,Not Graduate,No,Rural,N
50490.203485178856,9135.269700382885,192205.09110316663,480,1.0,Male,Yes,Not Graduate,No,Semiurban,Y
59959.965824909,18558.542400711718,,240,0.0,Male,No,Graduate,No,Semiurban,N
79022.87215590084,3140.4942853432185,208000.9112926394,120,,Female,Yes,Graduate,Yes,Urban,N
69185.41652170414,1932.1930106162945,225089.13680837725,360,1.0,Male,Yes,Not Graduate,No,Rural,Y
93063.64915023113,17355.851637468044,255869.94079512305,480,0.0,Female,Yes,Graduate,No,Urban,N
34653.048742239014,8953.381614240669,272424.9614946463,120,1.0,Female,No,Graduate,No,Semiurban,Y
67446.41273441356,6654.636306700417,182011.56771054573,240,1.0,Male,Yes,Not Graduate,No,Semiurban,Y
53666.84011476704,15199.523436980382,,360,1.0,Male,No,Graduate,No,Semiurban,Y
93796.05866435345,6971.922301315679,179326.7419438362,480,1.0,Female,Yes,Not Graduate,No,Urban,Y
33834.03429289697,19130.04856773468,213014.02532914432,240,1.0,Female,Yes,Graduate,No,Semiurban,Y
33205.56315638448,13389.629356696345,151812.05368946947,240,1.0,Female,Yes,Not Graduate,No,Rural,Y
38012.14709111956,7560.442959271487,,360,1.0,Female,No,Graduate,No,Urban,Y
7522.0855138038605,20786.541066327518,217189.39407749427,120,1.0,Male,Yes,Graduate,No,Semiurban,N
39484.899566384775,6971.425384983308,197567.38242147744,480,1.0,Male,Yes,Graduate,No,Urban,Y
34817.34676892604,13710.476860046536,201639.8497705793,480,0.0,Male,No,Not Graduate,No,Urban,N
53007.87572952415,11496.46290203246,162075.23326499652,120,0.0,Female,No,Graduate,No,Semiurban,N
56835.11951554319,16508.70644699399,188479.96428971164,120,1.0,Male,No,Graduate,No,Semiurban,Y
87523.41678431773,17807.555983634265,153788.34278658478,120,1.0,Female,Yes,Not Graduate,No,Urban,Y
69008.476763721,10160.020745328833,244509.92055623935,360,1.0,Male,No,Not Graduate,No,Urban,Y
38461.92688675194,6232.910648269082,,360,1.0,Female,Yes,Graduate,No,Semiurban,Y
32031.70657303284,12299.860714695582,107690.60688809531,480,,Male,No,Graduate,No,Rural,N
59838.38343013011,6611.423151239469,153524.4569903795,360,1.0,Male,No,Graduate,No,Urban,Y
23595.335859587158,20066.936237633116,125173.53724549605,240,1.0,Female,No,Graduate,No,Urban,Y
86629.17531708707,10682.676655413687,167498.80327965508,480,1.0,Female,Yes,Not Graduate,No,Rural,Y
73588.80241442574,8173.392243439456,195828.10151048197,360,1.0,Female,Yes,Graduate,Yes,Semiurban,Y
40616.4869579059,10923.401529324543,127517.7390150735,120,1.0,Female,Yes,Graduate,No,Semiurban,Y
15737.309418182449,3264.368552351518,153907.00934373433,240,0.0,Female,Yes,Not Graduate,No,Rural,N
77077.44748330826,5141.929807446742,149802.13139592507,120,1.0,Male,Yes,Graduate,No,Semiurban,Y
47709.20309494764,16002.069539722128,210363.36646994718,480,1.0,Female,Yes,Graduate,No,Semiurban,Y
74756.32623946923,6715.528605143021,203467.21685181253,120,0.0,Male,Yes,Graduate,Yes,Urban,N
18111.44682411266,4765.445086590302,163913.12233313732,360,1.0,Male,Yes,Not Graduate,No,Urban,Y
38012.499540924546,12683.26376263643,208841.0436069699,360,1.0,Male,Yes,Not Graduate,Yes,Urban,Y
50104.87399436366,15928.520773314984,172665.99577063674,480,1.0,Male,No,Graduate,No,Rural,Y
50939.61187529484,13594.766553325333,,120,1.0,Male,No,Graduate,No,Semiurban,Y
40998.69057041513,14980.238429029083,283672.60451492685,480,1.0,Female,Yes,Not Graduate,No,Semiurban,Y
62456.99864694997,6216.024557152696,267023.0525895174,120,,Female,Yes,Graduate,No,Urban,Y
28647.591412348112,2890.9466662907816,135020.9381536201,240,1.0,Male,Yes,Graduate,No,Urban,N
47152.41029957413,17506.668259777434,241486.62089395872,360,,Male,Yes,Not Graduate,No,Rural,N
52405.912634237975,8386.600805789321,240569.8277245796,480,1.0,Female,No,Not Graduate,No,Semiurban,Y
60288.77668117498,8745.834917724764,142586.8355623691,240,1.0,Female,No,Not Graduate,No,Rural,Y
64232.2975617778,16640.970709245288,240938.88218774303,240,1.0,Male,Yes,Graduate,No,Semiurban,Y
27507.158163242617,12781.150047003299,276896.59592062765,480,1.0,Female,No,Graduate,No,Rural,N
19317.716585287555,12279.438860408038,143872.7596877793,480,1.0,Female,No,Graduate,Yes,Urban,N
75553.53643797018,20825.01172450542,154124.8589492868,240,1.0,Female,Yes,Graduate,No,Rural,Y
56646.28023959183,6782.408848099285,250883.0733421751,120,1.0,Male,Yes,Not Graduate,No,Rural,Y
35030.26926886893,14639.200640406187,213574.7655412824,240,1.0,Female,Yes,Graduate,No,Urban,Y
81023.03951045046,10285.065624485422,227573.81376197617,480,1.0,Male,Yes,Graduate,No,Semiurban,Y
52313.49268585717,11342.961394316284,217029.46082002483,240,1.0,Male,No,Not Graduate,No,Semiurban,Y
73585.94368127652,17642.34213206266,219534.7960464072,120,1.0,Male,Yes,Not Graduate,No,Urban,Y
51350.36962820218,12539.178781448118,133676.39358444585,360,0.0,Male,No,Graduate,No,Rural,Y
91214.95849763975,12691.480395248165,252365.8853310724,360,1.0,Male,Yes,Not Graduate,Yes,Rural,Y
85106.81684886408,15362.53668654901,258479.49962138868,240,1.0,Female,No,Not Graduate,No,Rural,Y
45020.71703041853,8175.236352285573,188530.46279659861,120,1.0,Male,Yes,Graduate,No,Semiurban,Y
69431.4190190871,5803.951663304968,,360,0.0,Male,Yes,Graduate,No,Rural,Y
62907.51899170295,4775.954029894832,123444.6248722139,240,1.0,Male,No,Graduate,No,Semiurban,Y
77372.63115064698,168.21705311999176,225712.73780089174,240,1.0,Female,No,Graduate,Yes,Rural,Y
30701.53078839791,20281.03564970161,228602.8720857072,120,1.0,Female,No,Not Graduate,No,Urban,Y
63721.02919996879,4483.958171391584,196890.44915003446,480,0.0,Female,Yes,Not Graduate,No,Urban,N
71168.48973699176,8893.73188207114,256217.66799352513,240,0.0,Female,No,Graduate,Yes,Semiurban,N
14825.210271537711,8615.933500555397,183296.13845100297,480,0.0,Female,No,Graduate,No,Semiurban,N
26334.8297466845,11537.033489045503,228230.29629468,480,1.0,Female,No,Not Graduate,Yes,Urban,N
9215.356444797988,14078.686062696484,149016.7830653942,360,1.0,Female,No,Graduate,No,Urban,Y
44611.86331110884,14302.367441798728,198822.3924562881,480,1.0,Male,No,Graduate,No,Rural,Y
64350.84511591925,7084.612807155308,191282.2871048582,120,0.0,Male,No,Graduate,No,Urban,N
80047.14104192056,9164.391431067943,211265.3961020471,360,1.0,Female,No,Graduate,No,Semiurban,Y
51481.895608395505,11412.899752441499,181523.65355833207,360,1.0,Male,No,Not Graduate,No,Urban,Y
82572.31091142584,8756.544369082265,193426.3702164166,360,1.0,Male,No,Graduate,No,Semiurban,Y
22397.970835702174,18036.727880099963,241302.35857207532,240,1.0,Female,Yes,Not Graduate,No,Semiurban,N
15932.351212896909,12454.874758191258,178161.78813808912,240,1.0,Male,Yes,Graduate,No,Rural,Y
48889.046022067625,13674.388930249088,119671.14496306604,480,0.0,Male,No,Graduate,No,Rural,Y
57681.308978786146,13314.406343337063,287479.19521027105,360,0.0,Female,Yes,Not Graduate,Yes,Rural,N
49346.10503811814,15867.369287426623,269072.7039345243,360,1.0,Male,Yes,Graduate,No,Rural,Y
8651.15799920247,10905.107793518535,135386.86524471908,120,1.0,Female,No,Not Graduate,No,Urban,N
48217.59920974423,3515.840260220767,234485.39026225972,480,0.0,Female,No,Graduate,Yes,Rural,N
23910.609989902936,11998.439758763208,174851.26147243285,120,0.0,Male,No,Graduate,No,Urban,N
63393.45097660077,6743.215531040854,213174.36076655297,480,0.0,Male,No,Graduate,No,Rural,Y
57331.96492193697,7356.916591251216,214711.20645067468,480,1.0,Male,No,Graduate,No,Rural,Y
31202.404273452896,12931.820093775466,188279.6099841839,240,1.0,Female,No,Graduate,No,Semiurban,Y
39722.66165326613,16191.415357168178,160811.71672068018,240,,Female,Yes,Not Graduate,No,Urban,N
28815.729562220968,10106.357883680308,165472.94738418702,120,1.0,Female,No,Not Graduate,No,Semiurban,N
48746.41805453656,11544.16506299482,154190.40422593788,480,1.0,Male,Yes,Graduate,No,Rural,Y
69102.84641002477,18511.07472317619,158408.88958847776,360,1.0,Male,No,Graduate,No,Urban,Y
30285.479073289127,11203.765897442841,196641.08549753224,240,1.0,Female,No,Not Graduate,No,Rural,N
60080.93031035689,23008.415570901976,164212.0005444624,360,1.0,Male,Yes,Not Graduate,No,Semiurban,N
39394.84763255119,12827.54822815772,234102.603285631,120,0.0,Male,No,Graduate,Yes,Urban,N
34142.543354753114,1196.1862042209123,274362.3077667964,240,1.0,Female,No,Graduate,Yes,Semiurban,N
47859.39280090884,13766.708105522663,170997.33793149784,240,1.0,Female,Yes,Not Graduate,No,Rural,Y
29295.15355161252,11905.791924413888,211970.22502676887,480,1.0,Male,No,Graduate,No,Rural,Y
38927.013893056355,16448.763770413727,224984.25551514668,120,1.0,Female,Yes,Not Graduate,No,Rural,Y
26042.442148223032,13365.906756349792,223600.11354596372,480,1.0,Male,No,Graduate,No,Urban,Y
89294.50265832778,9307.720080081132,203797.76339580436,240,1.0,Female,No,Not Graduate,No,Semiurban,Y
50705.27103943457,3878.5088185531713,,120,1.0,Female,Yes,Not Graduate,Yes,Semiurban,Y
36005.489840148286,8954.883713569874,224112.44763403287,240,1.0,Female,No,Graduate,No,Rural,Y
54279.59821468444,5747.3977289535,138116.8788836351,120,,Male,Yes,Not Graduate,Yes,Semiurban,Y
47753.439006183406,7097.382750976387,243457.80321946368,240,1.0,Male,Yes,Graduate,No,Urban,Y
45580.60800933554,12942.892022103048,244364.5418633371,360,0.0,Female,Yes,Graduate,No,Rural,N
62283.334000868505,18349.522521757033,161835.6947910709,360,1.0,Female,No,Graduate,No,Rural,Y
65150.154200946105,11973.357649114905,201896.8917723801,480,1.0,Female,No,Graduate,No,Rural,Y
39389.97704778945,4020.584689824078,234166.44964055347,360,0.0,Male,Yes,Not Graduate,No,Urban,N
38483.635187106396,12223.013341100705,,240,1.0,Female,No,Graduate,No,Rural,Y
44498.96605696712,15983.157433228254,253648.90238830057,240,1.0,Female,No,Graduate,No,Rural,Y
3961.576705288302,6951.085478403089,318193.62473096803,360,1.0,Female,No,Graduate,Yes,Rural,N
19696.178756028956,9329.914166635412,160700.6983682509,480,1.0,Female,Yes,Graduate,No,Rural,Y
77337.48534889049,10073.440973645986,130947.76984231126,360,1.0,Male,No,Not Graduate,No,Semiurban,Y
82899.35427002568,6075.5084345888,215190.92978024378,120,0.0,Male,Yes,Graduate,No,Rural,N
45019.27920887243,13241.402169219295,236078.1252563072,120,1.0,Female,No,Not Graduate,Yes,Urban,Y
61531.13926111533,9395.259256961092,,120,1.0,Male,No,Not Graduate,No,Rural,Y
56225.00309087072,12097.66221953514,272663.0331660517,360,1.0,Male,Yes,Not Graduate,No,Rural,Y
111577.61616910476,5562.5391109895,133069.71001383755,360,0.0,Male,No,Graduate,No,Semiurban,N
72391.49822869153,7812.708498382948,234645.93115158056,360,0.0,Female,Yes,Graduate,Yes,Rural,N
47441.648170384666,13611.906789138857,169706.95896205533,120,1.0,Male,No,Graduate,Yes,Semiurban,Y
30889.191187991484,8135.8342395411655,285968.89531036484,480,1.0,Male,Yes,Graduate,No,Urban,N
17871.07359484855,18634.819256167026,299625.76765840594,240,1.0,Male,No,Not Graduate,No,Semiurban,Y
54069.27271734446,8001.819071926988,161667.1706108326,360,1.0,Female,No,Not Graduate,No,Rural,Y
34872.98509431393,11123.42362875943,,480,1.0,Female,No,Graduate,No,Urban,Y
21554.925808046515,14662.95415936545,242979.3943489901,240,1.0,Male,Yes,Graduate,No,Rural,N
37068.54231514947,2908.1713353348414,180643.46751052426,240,1.0,Male,Yes,Graduate,No,Semiurban,N
28369.0399277121,1195.9559400961207,197729.43910338808,240,1.0,Female,Yes,Graduate,No,Urban,Y
83742.83270145129,2371.718427149526,,480,0.0,Female,No,Graduate,No,Urban,N
67632.79513898901,16312.92051713591,104016.34219011718,480,1.0,Male,Yes,Graduate,Yes,Semiurban,Y
49840.547173667655,7240.709270537766,199308.11269528815,120,0.0,Male,Yes,Graduate,Yes,Semiurban,Y
79598.88277780052,22790.996428341263,165513.6112967913,480,1.0,Female,Yes,Not Graduate,No,Urban,Y
51547.36615295237,7178.762006713057,175343.8588800114,480,1.0,Female,Yes,Not Graduate,No,Urban,Y
32774.31597343473,10922.756515985186,272181.6001734407,480,1.0,Male,Yes,Not Graduate,No,Semiurban,N
80462.48154539315,17710.54976283938,137174.6552860372,240,0.0,Female,Yes,Not Graduate,No,Rural,N
60778.200873693175,20030.464440795615,240660.25933739886,360,1.0,Male,Yes,Graduate,No,Urban,Y
29255.07691347087,20307.517883181987,186051.85348340956,120,0.0,Male,Yes,Graduate,No,Semiurban,N
46193.22643832784,16041.831152965711,186011.9915752083,360,1.0,Male,Yes,Graduate,No,Rural,Y
32487.634932304856,15120.312629057313,239518.59480258558,360,0.0,Female,Yes,Graduate,Yes,Urban,N
22344.00538071328,12962.634746005915,217002.56472844453,480,0.0,Male,No,Graduate,No,Urban,N
68523.55095063282,13891.80538083319,228530.64986097655,120,1.0,Male,No,Not Graduate,No,Semiurban,Y
88188.33280940261,7244.071418357333,248409.23302664305,360,0.0,Female,Yes,Graduate,No,Rural,N
22028.648523617176,5909.005582888464,183434.58084083386,360,1.0,Female,No,Not Graduate,Yes,Urban,N
61259.384733811414,9983.12771294524,169388.16327461248,120,1.0,Male,No,Graduate,No,Rural,Y
36987.14861756346,9149.076887375359,145742.4736721101,480,0.0,Male,Yes,Not Graduate,No,Rural,N
40257.49232470608,7733.859753363624,158729.47350105224,360,1.0,Female,Yes,Graduate,No,Urban,Y
38152.121515222614,13481.937237283577,347454.72126543627,240,1.0,Female,Yes,Not Graduate,No,Rural,Y
32720.18460640368,14776.526042852554,262233.97903683933,360,1.0,Female,No,Graduate,Yes,Urban,Y
50970.43255889654,10442.034431459237,132446.28168959892,240,0.0,Male,Yes,Graduate,No,Rural,Y
33380.997671779245,17387.65040527631,133877.1021628215,480,1.0,Male,No,Graduate,No,Urban,N
55409.13651559678,4291.554429332475,224093.30308592456,360,0.0,Male,Yes,Graduate,No,Semiurban,N
48995.23781101726,9031.70270360141,227363.23986889835,120,1.0,Female,No,Not Graduate,No,Urban,Y
45221.03906267181,6415.888396985975,227444.19176586822,120,1.0,Male,No,Graduate,Yes,Urban,Y
31848.726759168043,667.3169146347009,187252.2103223151,360,1.0,Female,Yes,Not Graduate,No,Urban,Y
38464.57338863335,9586.596570786503,193727.286999855,480,1.0,Male,Yes,Graduate,Yes,Rural,N
65107.82451651512,9391.262458083582,216393.97620796788,480,1.0,Female,No,Not Graduate,No,Semiurban,Y
60018.34375248761,17567.248716210655,204294.65031466653,120,1.0,Male,No,Graduate,No,Rural,Y
30448.89510402898,13154.058422773887,89034.98136262325,360,0.0,Male,Yes,Graduate,No,Rural,N
51986.646108584515,4879.065878353976,188510.0184712403,480,1.0,Female,Yes,Not Graduate,No,Urban,Y
65027.74246743578,19270.462831670942,157429.67828698433,120,1.0,Female,No,Graduate,No,Rural,Y
16611.894377572564,16105.168477626765,,240,1.0,Male,Yes,Graduate,No,Urban,Y
60867.2038475987,12910.48851734308,349262.9501301705,360,1.0,Female,No,Not Graduate,No,Semiurban,Y
36747.52482108307,8867.57950575084,218374.08327371522,240,1.0,Female,Yes,Graduate,Yes,Rural,Y
61411.97337186319,5202.803816382601,184323.5156913801,240,0.0,Male,Yes,Not Graduate,No,Rural,Y
34734.81686914966,8138.966119644735,,480,1.0,Female,Yes,Graduate,No,Rural,Y
13902.35798670962,15443.74309852093,224134.39436046063,480,0.0,Male,No,Not Graduate,No,Urban,N
17449.151242336746,19422.931529673046,221004.72452259206,480,1.0,Male,Yes,Not Graduate,No,Urban,Y
50961.69893322764,17716.217641360945,230342.52966078356,360,1.0,Female,No,Not Graduate,No,Rural,Y
55194.45003442964,7555.75289106863,302827.17824147706,240,1.0,Female,Yes,Not Graduate,No,Rural,Y
31913.66749791183,4401.912833554944,143455.5782337042,360,1.0,Male,No,Graduate,No,Semiurban,N
62771.84917554748,10704.43123455602,223681.60384057273,480,1.0,Male,No,Graduate,No,Semiurban,Y
16769.598754620805,1157.8031721857424,153680.94350092308,240,0.0,Male,Yes,Not Graduate,No,Semiurban,N
48678.40402705367,11615.838570923908,227775.6323171124,360,1.0,Male,No,Graduate,No,Semiurban,Y
25779.676004750865,9261.987068506656,154065.67442569527,360,0.0,Male,No,Graduate,No,Semiurban,N
36963.27784395682,7669.817490658788,179131.65931974578,120,1.0,Male,No,Graduate,Yes,Urban,N
50947.97342632828,2026.4846636660232,185245.50428810468,360,1.0,Female,No,Not Graduate,No,Semiurban,Y
32791.73269432095,12568.000532848582,248790.83596723544,480,0.0,Female,Yes,Graduate,No,Semiurban,N
42308.88911540349,7336.495801690443,245922.7221971207,360,1.0,Female,Yes,Graduate,No,Rural,Y
70125.85618428882,4150.41582144856,137714.13117768077,240,1.0,Male,Yes,Not Graduate,No,Urban,N
38462.16260953702,-4361.311066408247,202746.70554999245,360,1.0,Female,No,Graduate,No,Semiurban,N
66713.84224130283,9862.425474746819,,120,1.0,Male,No,Not Graduate,No,Semiurban,Y
27405.862906847637,18861.257983348718,137074.75446623328,240,0.0,Male,Yes,Not Graduate,No,Semiurban,N
60596.083558305654,18306.29607273935,189149.14747878147,240,0.0,Female,Yes,Not Graduate,No,Rural,N
78831.37241315801,7714.51871706864,184575.860577209,120,1.0,Male,No,Graduate,No,Rural,N
567.1099974542158,6988.939698191098,321335.8243172761,480,1.0,Male,Yes,Graduate,No,Rural,Y
34062.094890590466,12343.871280375119,221647.99126803482,240,0.0,Male,Yes,Not Graduate,No,Semiurban,N
61541.4425436108,5008.072804058543,131119.12496228813,480,1.0,Male,No,Not Graduate,No,Rural,Y
45939.092279140146,11508.95949909733,171761.29979145288,240,0.0,Male,Yes,Not Graduate,No,Semiurban,N
57422.917467426174,13830.401391923451,251069.16477146992,240,1.0,Male,No,Not Graduate,No,Urban,Y
37920.29626568359,16134.666119421538,304422.13864349626,480,1.0,Female,Yes,Not Graduate,Yes,Semiurban,Y
51731.795749458,9499.229617600236,120700.83438810208,240,1.0,Male,No,Not Graduate,No,Rural,Y
46886.45529215841,8981.631249115171,106003.78074304776,480,1.0,Male,No,Graduate,No,Urban,Y
73355.64123319615,5610.087066217195,293548.2587685891,120,1.0,Male,No,Not Graduate,No,Semiurban,Y
55088.416866024265,5865.5982298007,219480.7088685452,480,0.0,Male,No,Not Graduate,No,Urban,N
56752.05324150404,8867.605540492366,156585.36340618168,120,0.0,Female,No,Not Graduate,No,Urban,Y
41762.460677550655,11836.82753408089,226731.45430612177,240,1.0,Female,Yes,Graduate,No,Urban,Y
40247.87551855013,14567.923131166248,68212.61304915612,480,1.0,Male,Yes,Graduate,No,Semiurban,Y
41348.836243607584,5984.105246598276,200168.77532985804,240,1.0,Male,Yes,Graduate,No,Rural,Y
57889.042847565936,17463.44284479761,216391.05864215427,480,1.0,Male,No,Graduate,No,Semiurban,Y
41580.31038359474,8644.381994787156,246213.50697689148,120,1.0,Female,Yes,Not Graduate,No,Rural,Y
55795.49713792826,9893.163528257819,149305.20238537312,120,0.0,Female,No,Graduate,No,Semiurban,Y
91508.01597290878,6263.941604260883,204284.35807016795,480,1.0,Female,No,Not Graduate,No,Semiurban,Y
67422.49406863385,-2121.2013013647083,153728.76869702063,120,1.0,Female,Yes,Not Graduate,No,Semiurban,Y
43479.52935664318,14420.226981805248,212769.18778371587,240,1.0,Male,No,Not Graduate,No,Rural,Y
74024.27844327889,13684.219485462167,155232.6838818488,240,1.0,Female,Yes,Not Graduate,No,Semiurban,Y
41838.49253956897,8593.362214408933,179594.95804198895,360,0.0,Female,No,Not Graduate,No,Urban,N
9237.50929644292,10334.95358612436,150209.23026048855,120,1.0,Male,No,Not Graduate,No,Semiurban,Y
29838.27378165192,12579.696088520497,232556.81209118286,240,1.0,Male,Yes,Graduate,No,Urban,Y
12584.161579482883,2187.270715567287,242922.55583283326,480,1.0,Female,No,Graduate,No,Rural,N
42969.730319173825,7354.736613268526,188268.9715021293,120,0.0,Female,Yes,Graduate,No,Rural,N
50368.367583791034,13971.323398109136,201911.89974800142,240,0.0,Female,No,Graduate,Yes,Semiurban,N
83528.74624550565,3728.5528841537525,127570.4292683228,120,,Female,Yes,Graduate,No,Semiurban,N
56538.54747528325,11467.789660833147,,480,1.0,Male,No,Not Graduate,Yes,Semiurban,Y
45617.98942382271,3217.090976882975,197489.76914791277,240,1.0,Male,Yes,Graduate,Yes,Urban,Y
66588.11162366979,12332.149912167632,331039.65455149877,360,1.0,Female,Yes,Graduate,No,Rural,Y
5777.2938198423,9821.792588512582,144401.6487112918,360,1.0,Female,No,Graduate,No,Urban,Y
54712.29116217132,1924.340920472453,273208.86193762184,120,1.0,Female,Yes,Not Graduate,No,Urban,Y
65417.30387773934,15823.696772285857,249842.9386732904,480,1.0,Female,No,Not Graduate,Yes,Semiurban,Y
20428.27508440317,6327.042116009754,214031.8202245068,240,1.0,Female,No,Not Graduate,No,Semiurban,Y
72875.08086413858,5948.737814928095,287931.02420975664,480,1.0,Male,Yes,Graduate,No,Urban,Y
56769.928149888285,11002.845986154714,218605.27363034314,240,1.0,Male,Yes,Graduate,No,Urban,Y
41694.24172198398,15743.186747143576,219457.95978339645,120,0.0,Male,Yes,Graduate,No,Semiurban,Y
62655.637322125694,4920.890905108015,197343.96734912274,240,0.0,Female,Yes,Graduate,No,Semiurban,N
95413.85715608792,10308.399249239857,261178.44412093138,480,1.0,Female,Yes,Graduate,No,Urban,Y
53637.3251011699,12144.082501652865,254823.46169054418,480,1.0,Male,No,Not Graduate,Yes,Semiurban,Y
54964.41172600672,13465.52803631572,168716.13562518937,120,1.0,Male,Yes,Graduate,No,Semiurban,Y
40812.782009195114,10882.207776386125,134037.64027006162,480,0.0,Female,No,Not Graduate,No,Urban,N
33003.112610704164,8164.860804583388,,240,1.0,Male,Yes,Graduate,No,Urban,N
66606.71633088491,5862.0488967564015,159998.0717801177,120,1.0,Female,Yes,Not Graduate,No,Rural,Y
32878.323481822656,10430.719415231873,196823.77126923224,240,0.0,Female,Yes,Not Graduate,Yes,Urban,N
51431.32474438785,4639.304940071966,261871.90673420695,480,1.0,Male,No,Not Graduate,No,Semiurban,Y
40446.851064697665,-4606.752417473037,177134.9172456605,120,1.0,Male,Yes,Not Graduate,No,Urban,Y
59579.596514927835,12182.79902078834,197858.83093442125,240,1.0,Male,No,Graduate,No,Urban,Y
56673.242105738966,14519.674205430976,202901.13674041975,480,0.0,Female,No,Graduate,Yes,Urban,Y
70750.79888515799,-1814.6621777091914,242421.54411026422,480,0.0,Female,No,Graduate,No,Rural,N
39799.672022905055,4951.346476450312,87655.53330076973,360,1.0,Male,Yes,Not Graduate,No,Rural,N
44602.50129413258,13095.771305025988,169664.98526173516,480,0.0,Female,No,Graduate,No,Semiurban,N
30424.725684353853,20287.477348558496,210564.18461397363,240,1.0,Female,Yes,Graduate,No,Rural,Y
41114.13479847777,10103.96853837704,260003.94782134306,120,0.0,Female,No,Graduate,Yes,Urban,N
57546.009860897044,6359.985293854328,175404.87762468975,360,1.0,Male,Yes,Graduate,No,Rural,Y
65139.772332907036,9085.5177944758,106172.36469790629,480,0.0,Female,No,Not Graduate,No,Urban,N
31556.693516447493,16874.382095740926,230985.5722983068,480,1.0,Male,Yes,Not Graduate,No,Rural,N
67392.1184021132,6770.179104377324,168231.88055871852,480,1.0,Male,Yes,Graduate,No,Rural,Y
77112.75717609902,6004.039966748733,140516.66704548194,240,0.0,Female,Yes,Graduate,No,Rural,Y
58268.69806447402,7586.282389089838,,360,1.0,Male,No,Graduate,No,Urban,Y
87535.91625116131,5233.3569587064385,190773.73211720752,240,1.0,Female,No,Not Graduate,No,Rural,Y
34524.21601792854,10613.351579973978,169762.76677308936,360,1.0,Male,Yes,Not Graduate,No,Urban,Y
25106.90593377166,18123.392292347802,89721.69714504654,120,1.0,Male,No,Not Graduate,No,Urban,Y
14425.595021914429,11615.396365580145,244853.3098443566,240,1.0,Female,No,Graduate,No,Semiurban,Y
79920.88622978366,8738.232489368562,263743.7520639361,240,1.0,Male,No,Not Graduate,No,Rural,Y
63087.31312708116,8540.94365542228,232576.0995669753,120,1.0,Male,No,Not Graduate,No,Semiurban,Y
48888.3065817909,2184.045956516715,143115.71647875916,360,0.0,Male,No,Not Graduate,No,Semiurban,N
55599.37252639641,14415.548885735796,189925.4233026241,480,0.0,Female,No,Not Graduate,No,Urban,N
27490.21905403247,9610.81401493599,199673.9342385271,120,1.0,Female,No,Not Graduate,No,Rural,N
98915.03959233653,9097.600432046871,229939.7194780955,480,1.0,Male,Yes,Graduate,No,Urban,Y
52584.42363950455,25965.537839224304,233417.02443590405,480,1.0,Male,Yes,Graduate,No,Urban,Y
52187.895892097855,11493.764541828432,163291.3100610752,120,1.0,Male,No,Graduate,Yes,Rural,Y
64515.33247797384,6241.044749524079,204099.77782067802,360,1.0,Female,Yes,Graduate,No,Urban,Y
59620.184634734265,7868.212018972284,222864.02023076205,480,1.0,Female,Yes,Not Graduate,No,Rural,Y
54477.68048558263,15742.228545983773,272791.11610733834,120,1.0,Male,Yes,Graduate,No,Rural,Y
34190.51089109376,10566.352052688822,235225.32699123616,240,1.0,Female,No,Graduate,No,Urban,Y
59429.367142719915,2808.610108413167,239452.83436877595,240,1.0,Female,No,Graduate,No,Urban,Y
87640.48992950068,14596.144672876017,204191.33139646804,240,0.0,Female,No,Not Graduate,No,Semiurban,N
76908.40092309956,6659.27957230503,270522.9572601752,120,1.0,Female,No,Graduate,No,Urban,Y
81863.73253278794,19366.488881087727,220488.13979797487,240,1.0,Male,No,Not Graduate,Yes,Rural,Y
39775.6864713763,15400.240328573243,156945.6044913215,480,1.0,Female,Yes,Not Graduate,No,Semiurban,N
30207.90359482838,7763.390521706244,270168.4985062595,240,1.0,Female,No,Not Graduate,No,Rural,Y
47484.26159800704,16405.081808675564,234895.1636269514,240,1.0,Male,Yes,Graduate,No,Semiurban,Y
51114.498245773895,10339.277552637017,177847.79894357588,480,1.0,Male,No,Not Graduate,No,Urban,Y
71883.83036941897,14263.868375611099,176025.35163003783,240,1.0,Female,Yes,Graduate,No,Urban,Y
16150.707405703615,12423.664086472374,214828.77725703808,480,1.0,Female,No,Graduate,No,Urban,Y
80591.00638921227,5768.216725045632,223159.23976337924,240,1.0,Male,No,Graduate,No,Rural,Y
46839.842028420215,6782.25083841269,209864.61328156033,480,1.0,Male,No,Not Graduate,Yes,Semiurban,Y
41462.3786010516,15149.804087905806,215565.43367214425,240,1.0,Male,No,Not Graduate,No,Rural,Y
29757.91249479665,8326.123339467296,284997.868728819,480,,Female,No,Graduate,No,Semiurban,N
16902.866562684612,7981.757683790016,253577.1576117443,120,1.0,Female,No,Not Graduate,No,Urban,Y
66463.41167923828,5224.387103253235,209531.7795632512,480,1.0,Male,Yes,Not Graduate,No,Rural,Y
51466.359343768076,12117.995327967306,247065.52903837417,240,1.0,Female,No,Not Graduate,Yes,Urban,Y
24200.782005178924,20312.624596215726,148373.80482362304,240,1.0,Male,Yes,Graduate,No,Rural,N
24098.42455872768,4662.335428728636,219896.35249734044,360,1.0,Female,No,Not Graduate,Yes,Urban,N
43284.306014197435,10121.09728336379,290465.3174866555,480,1.0,Male,Yes,Not Graduate,Yes,Rural,Y
83380.43050578787,17061.102777077147,189097.7052303813,120,1.0,Male,Yes,Graduate,No,Rural,Y
44808.1729727279,9601.793043771424,157618.30356904576,480,1.0,Female,Yes,Not Graduate,No,Semiurban,Y
19937.140937637876,12261.85898124867,167395.55557034697,480,1.0,Female,Yes,Graduate,No,Urban,Y
45085.138718281116,4688.032359265601,145518.34813288058,120,1.0,Female,Yes,Not Graduate,No,Semiurban,Y
44545.52860504659,12141.535486038243,160761.90459361483,480,1.0,Female,Yes,Not Graduate,No,Semiurban,Y
-3937.732858831434,9064.278674977257,181474.59507049856,120,1.0,Female,No,Not Graduate,No,Urban,Y
48914.102669643755,14928.649978399315,129721.6490410679,120,1.0,Female,Yes,Not Graduate,Yes,Rural,Y
45381.30939582644,15936.930257823755,200780.91669748016,480,1.0,Male,No,Not Graduate,No,Semiurban,Y
63924.127296268365,22947.81821009307,245113.85868933235,480,0.0,Female,No,Not Graduate,No,Urban,N
86979.1218989069,12898.165866067879,154612.19099265398,240,1.0,Male,Yes,Graduate,No,Rural,Y
72531.30059095514,11628.981582910832,275964.19618208846,240,1.0,Male,Yes,Not Graduate,No,Semiurban,Y
44622.22618890339,10971.92150788668,225539.60442637972,360,1.0,Female,No,Not Graduate,No,Semiurban,Y
27869.481825166593,8234.16853594656,251529.02928120288,360,1.0,Male,Yes,Not Graduate,No,Semiurban,Y
101467.1960649972,11692.419217308456,167108.27230739314,480,1.0,Male,Yes,Graduate,No,Rural,Y
51184.368680289765,8522.992949304853,242726.2613533308,120,1.0,Female,Yes,Graduate,No,Semiurban,Y
50278.58583825892,10842.304881348071,145403.30498023436,360,0.0,Female,Yes,Graduate,No,Rural,N
49517.49825779993,16587.987678039797,244512.37504182543,480,1.0,Female,Yes,Not Graduate,No,Semiurban,Y
53961.6952153571,4967.287173601794,208591.96698967656,360,1.0,Male,Yes,Not Graduate,No,Urban,Y
47112.79176152115,15699.392805645228,227662.56099923918,120,1.0,Female,Yes,Graduate,No,Semiurban,Y
38526.75986239527,16585.575336699327,141220.26971875742,480,1.0,Female,No,Graduate,No,Urban,Y
39062.821175192155,9409.657365044606,155246.50788616977,120,1.0,Female,Yes,Graduate,No,Urban,Y
49344.93459568003,-609.2744950429733,229861.41091266923,480,1.0,Female,No,Not Graduate,No,Urban,Y
39131.5045773247,6960.890064527837,152582.59978878996,360,1.0,Male,No,Graduate,No,Rural,Y
35743.084346456715,16484.972732805545,223160.31460495616,240,1.0,Female,No,Not Graduate,No,Urban,Y
52128.60455383794,9885.65968850559,131643.10967698772,360,1.0,Male,No,Not Graduate,No,Semiurban,Y
44900.455651582895,5003.488838525446,242408.71063333342,360,1.0,Female,Yes,Not Graduate,No,Rural,Y
80079.85977165378,7476.1253938589125,138373.83426157455,240,1.0,Male,No,Graduate,No,Urban,Y
-3019.3961678602427,14203.100132522766,227614.99688397616,240,1.0,Male,No,Not Graduate,No,Rural,Y
71830.13703844923,12733.667841006896,231281.54668230005,480,1.0,Male,No,Graduate,Yes,Rural,Y
74921.70384995258,8805.339504151529,165161.40907852125,480,1.0,Female,No,Graduate,No,Rural,Y
8532.195351837014,8165.877940926563,229101.32835423635,120,1.0,Male,No,Graduate,No,Semiurban,Y
43146.24811839302,8041.209254780891,213022.1131666778,120,,Female,Yes,Graduate,No,Urban,Y
42571.18268008417,5387.949077507487,173057.9071903631,360,,Female,Yes,Not Graduate,No,Rural,N
21849.766105643575,18076.878447347208,149572.2657961896,240,0.0,Female,No,Not Graduate,No,Rural,N
34443.66624818249,8388.3976539433,,120,1.0,Female,Yes,Not Graduate,Yes,Rural,N
27788.483090683425,16085.792604127482,217482.50236498468,360,0.0,Female,Yes,Not Graduate,No,Urban,N
85045.40886847246,17606.580259612256,121759.86143189724,240,0.0,Male,No,Graduate,No,Rural,Y
68713.56786294922,14991.554490739802,204767.2099720654,480,1.0,Female,No,Graduate,No,Rural,N
75431.10189988317,7841.898436409758,186827.58919588756,360,1.0,Male,No,Graduate,Yes,Semiurban,Y
64433.4412808647,12018.650451683046,233957.13877190975,480,1.0,Male,Yes,Graduate,No,Urban,Y
27418.964575655416,9879.02196804542,184897.72502550678,120,1.0,Male,No,Not Graduate,No,Semiurban,Y
39509.59467440453,5481.4906963493595,183527.61068264543,120,1.0,Male,Yes,Graduate,No,Urban,N
59787.49122455836,11621.796408608016,236593.53521441476,240,0.0,Male,Yes,Not Graduate,No,Urban,N
25557.44382216109,4104.801044200987,216752.9014542059,360,1.0,Male,Yes,Graduate,No,Urban,Y
64259.96860344776,15938.39694230782,215807.79785913893,480,1.0,Male,No,Graduate,No,Semiurban,Y
45193.4920368373,7676.913513508034,223463.3794904263,240,1.0,Female,Yes,Graduate,No,Semiurban,Y
42503.58384900805,11005.798279364197,123221.3938396447,120,1.0,Male,No,Graduate,No,Semiurban,Y
64219.19936406983,11416.439357730711,237839.4339993491,120,1.0,Female,No,Not Graduate,Yes,Semiurban,Y
58885.26622972079,8705.475131479614,230623.43970068012,360,1.0,Male,No,Not Graduate,No,Rural,Y
42780.6766836184,12933.469007376374,149165.84357117512,480,1.0,Male,No,Not Graduate,No,Rural,Y
73186.59606728496,7625.481716887378,187795.97631628995,360,1.0,Male,No,Not Graduate,No,Rural,Y
28378.733448002055,14356.48648728622,198034.63561861843,480,0.0,Male,Yes,Graduate,No,Urban,N
62318.712138885276,3270.1015987662577,193275.16077991336,480,1.0,Female,Yes,Graduate,Yes,Rural,Y
61862.02515936767,10631.897897732058,216692.99832842674,360,0.0,Female,Yes,Not Graduate,Yes,Urban,N
43809.07121372019,19694.644995291426,271568.3390915592,240,1.0,Female,Yes,Not Graduate,No,Semiurban,Y
56522.66044484236,4998.343376972126,254088.33638364144,360,1.0,Male,Yes,Graduate,No,Urban,Y
24977.72847229394,6611.275147375743,134389.0403284297,360,1.0,Male,No,Graduate,No,Urban,N
68480.54038413802,12569.539248294575,231103.49951530242,120,1.0,Male,No,Not Graduate,No,Rural,Y
46301.95727114022,10897.90890969799,266446.66597677046,120,1.0,Female,Yes,Not Graduate,No,Semiurban,Y
39545.539589619206,11753.150496367796,219340.42603446014,360,1.0,Male,Yes,Not Graduate,Yes,Semiurban,Y
70980.18451673779,12445.935650738318,254549.02125929834,360,1.0,Female,Yes,Graduate,Yes,Rural,Y
35913.126189144816,13173.60734280885,300613.52228503826,120,1.0,Female,No,Not Graduate,No,Semiurban,Y
21830.774072728807,15548.499209781115,,480,0.0,Male,No,Not Graduate,No,Semiurban,N
18867.416529521925,12049.093284642562,212465.42978208643,360,1.0,Male,No,Not Graduate,No,Semiurban,Y
62120.19902691279,8793.711726907288,252254.42370423768,240,1.0,Female,Yes,Not Graduate,No,Rural,Y
24391.412950074337,13362.868506013656,207244.39165484457,240,0.0,Female,Yes,Not Graduate,No,Semiurban,N
85095.8836396873,19499.409674476075,201195.15216424776,240,1.0,Female,Yes,Graduate,No,Urban,Y
8361.411842325557,9336.831268087131,182429.28821431336,360,0.0,Male,Yes,Not Graduate,No,Urban,N
83929.12736580076,5127.353476646793,278170.66794160544,480,1.0,Male,No,Graduate,No,Semiurban,Y
54220.34934405237,15535.403346434865,159078.56670289993,480,1.0,Male,Yes,Not Graduate,Yes,Rural,Y
48065.73776259215,9398.094180232009,,120,1.0,Male,Yes,Not Graduate,Yes,Rural,Y
39101.618263821,-863.3477300701816,224993.20618701857,360,0.0,Male,Yes,Not Graduate,No,Rural,N
57982.72228704142,14237.108385752108,130034.69125990292,480,1.0,Male,No,Graduate,No,Semiurban,Y
49247.30595150303,7323.359070230386,218382.46464957108,360,0.0,Female,No,Graduate,No,Semiurban,N
72066.03764033043,9547.333588479196,94998.6746174188,120,1.0,Female,Yes,Graduate,No,Urban,Y
52284.552973240796,11659.901652845072,231275.40084155177,120,1.0,Female,No,Not Graduate,No,Rural,Y
53006.035229237554,10952.498398895332,244261.57414944956,120,1.0,Male,No,Not Graduate,Yes,Urban,Y
42727.75575572289,13547.259085695197,170382.2022173973,240,1.0,Female,No,Graduate,No,Urban,Y
48861.08752557865,7822.568147150783,206177.38479777912,360,1.0,Male,No,Graduate,No,Rural,Y
56156.03537784118,12565.528990880413,297707.8716875143,120,1.0,Male,No,Not Graduate,No,Semiurban,Y
15796.632146867487,8702.266612080413,174712.66478690316,360,1.0,Female,Yes,Graduate,No,Semiurban,N
23036.29155788574,13694.052404437516,147054.62064716997,240,1.0,Male,Yes,Not Graduate,No,Urban,Y
64865.2818804543,13076.837420065267,274083.17012312997,240,1.0,Female,Yes,Graduate,No,Urban,Y
53417.30876255884,5322.806489777024,298129.35952653975,120,1.0,Female,No,Graduate,No,Urban,Y
46320.33327294642,15429.910580875161,200184.78359239237,120,0.0,Male,No,Graduate,No,Urban,Y
50368.678661307866,7320.18277442976,250573.1517704178,480,1.0,Female,No,Not Graduate,No,Rural,Y
56951.63410723342,14040.288991405725,267073.795776544,360,0.0,Female,No,Not Graduate,No,Urban,Y
39204.806393812774,11836.436567006704,162875.78837308078,120,1.0,Female,Yes,Graduate,Yes,Urban,Y
34433.905491953745,19190.918383975615,,480,1.0,Female,Yes,Not Graduate,Yes,Semiurban,Y
53916.90510195363,8882.67008814074,261543.72565773674,360,1.0,Male,Yes,Not Graduate,No,Semiurban,Y
30432.544447699358,8253.416019409013,284250.7139354255,120,1.0,Female,Yes,Not Graduate,No,Semiurban,N
58165.05511428944,9902.901970561337,228144.04300871774,480,,Female,Yes,Not Graduate,No,Rural,N
15948.327915243193,8484.101085828623,156009.2823248973,480,1.0,Female,Yes,Graduate,No,Rural,Y
70583.11274651287,13999.70950971025,299353.055584972,360,1.0,Male,No,Not Graduate,No,Semiurban,Y
59451.94964826086,1918.4469578170601,173451.45510940178,480,1.0,Female,No,Not Graduate,No,Semiurban,Y
55120.594686277516,4731.58790426823,183243.1109414274,360,1.0,Male,Yes,Graduate,No,Urban,Y
69653.81967891028,4660.985392104035,217116.89172448107,360,1.0,Female,No,Not Graduate,No,Urban,Y
83309.48888925153,14751.537959867877,277708.0210357387,360,1.0,Female,Yes,Not Graduate,No,Rural,Y
70287.4013003626,18553.066862909625,242698.7988276112,240,1.0,Female,Yes,Not Graduate,Yes,Rural,Y
13182.515373367096,9477.753907312643,220743.27501809553,480,0.0,Male,No,Graduate,No,Urban,N
24408.46066528597,9155.891384049946,223164.4265059053,360,1.0,Male,Yes,Graduate,No,Semiurban,N
37503.628446086426,10350.260815565907,202175.7334321733,120,1.0,Male,Yes,Not Graduate,No,Urban,N
50521.821004216676,15809.391513040951,227906.97572592532,240,1.0,Male,Yes,Not Graduate,Yes,Rural,Y
60353.18040938246,5363.23432904713,73521.99611528486,240,1.0,Male,No,Graduate,No,Rural,Y
35485.12373693069,11191.844913673925,185169.62704651008,480,1.0,Male,No,Graduate,No,Urban,N
53735.33528954157,14875.988148912149,212066.09674583905,360,1.0,Female,No,Graduate,No,Urban,Y
34892.34135293355,12505.470849699226,142449.29581902464,480,1.0,Male,No,Not Graduate,No,Urban,N
37769.64394016103,10947.908082993717,219316.165890578,240,0.0,Female,Yes,Not Graduate,No,Rural,N
21866.778063035556,15005.230462835705,189776.43895069393,360,1.0,Male,No,Graduate,No,Semiurban,Y
31535.335077781914,-3516.1614649961866,287773.7849157745,120,0.0,Male,No,Not Graduate,No,Urban,N
22966.307887673327,13389.376597654538,278650.9862607428,360,0.0,Male,No,Not Graduate,No,Rural,N
30482.534940453344,6729.621584362882,176709.72154409185,240,1.0,Female,Yes,Not Graduate,No,Rural,Y
71072.8359321568,846.8355157177157,192458.11442166523,120,1.0,Male,No,Not Graduate,No,Rural,Y
31012.02222336114,12556.012997624905,196302.62171958038,360,1.0,Male,No,Not Graduate,No,Urban,N
102647.64129674781,16868.29272581479,177417.02619201888,120,,Female,Yes,Not Graduate,No,Urban,N
59866.358017617786,9312.75742686154,,120,1.0,Female,Yes,Not Graduate,No,Semiurban,Y
53696.72247389748,14764.372736014695,162085.89655562048,240,1.0,Female,Yes,Graduate,No,Rural,N
32832.84439637573,18061.391289943225,143469.23325312368,120,1.0,Female,Yes,Graduate,No,Urban,Y
64006.19758817983,16574.572267920237,231135.56119501343,480,1.0,Male,No,Graduate,No,Rural,Y
38487.24347524452,18199.822646856963,231476.47921109054,240,1.0,Female,Yes,Graduate,Yes,Rural,N
52440.19629290723,13710.637455359461,159784.2120170004,480,1.0,Male,No,Graduate,No,Semiurban,Y
101201.69076537588,10377.168194507964,244767.77153812998,120,1.0,Male,No,Graduate,No,Urban,Y
48078.802005507,1990.1709405141573,168421.11354173342,480,0.0,Female,No,Graduate,No,Urban,Y
72985.46652571352,8769.687559350257,212658.26190189907,360,1.0,Male,No,Graduate,No,Rural,Y
35936.47149748226,5783.767023419041,241017.2006306228,120,1.0,Female,No,Graduate,Yes,Rural,N
49300.23019006076,20854.713587489066,198319.37176481434,360,1.0,Male,Yes,Not Graduate,No,Semiurban,Y
85416.0127127102,9120.570937838316,222737.04560705673,480,0.0,Female,No,Not Graduate,Yes,Semiurban,Y
37460.65884424465,10616.02403392243,174178.5178056214,360,1.0,Female,No,Graduate,No,Semiurban,N
86248.97115993858,12757.426880202338,190176.67082859515,120,1.0,Female,No,Not Graduate,No,Semiurban,Y
64155.03870910951,10218.012231862269,189707.02845598297,360,1.0,Female,Yes,Not Graduate,Yes,Semiurban,Y
38750.66448211465,18475.255202153763,162671.08267298806,480,0.0,Female,No,Graduate,No,Semiurban,N
62648.15478111042,6886.75319132774,191161.2918442109,480,1.0,Female,No,Graduate,Yes,Rural,Y
69451.0889925346,10973.037276186213,122569.08505681266,480,,Male,Yes,Graduate,No,Semiurban,N
62436.19924434393,6287.6470715097585,175442.31264289477,120,1.0,Male,No,Not Graduate,No,Rural,Y
18595.50560219087,3399.8874438964713,185756.22533151647,480,1.0,Male,No,Not Graduate,No,Rural,Y
35457.25648350263,6941.154545473573,187191.012375231,120,1.0,Female,Yes,Graduate,No,Urban,Y
45049.6272889699,9814.81601475794,187925.12770646106,360,1.0,Male,No,Not Graduate,No,Rural,Y
48511.33141799908,7853.4888774137,196911.79000699354,480,0.0,Female,No,Not Graduate,No,Rural,N
62413.44195101356,6537.89510063072,223972.0759043032,360,0.0,Male,No,Not Graduate,No,Semiurban,N
53554.020018665076,2968.4126816408307,243725.85370662613,240,1.0,Male,No,Graduate,Yes,Rural,N
23293.112825797976,9584.472136856526,167511.73865758665,360,1.0,Female,No,Not Graduate,Yes,Semiurban,Y
57603.95702011926,2476.398129844989,139839.9572305428,240,0.0,Male,Yes,Not Graduate,No,Semiurban,N
62211.71490567646,13800.279818448013,,360,1.0,Male,Yes,Not Graduate,No,Semiurban,Y
61195.80895862079,10412.198764672516,175639.85394025364,120,,Male,Yes,Not Graduate,No,Urban,N
71615.61451109244,2712.242502675347,182403.93410917453,360,0.0,Female,No,Not Graduate,No,Semiurban,N
66678.44309097808,8453.954614750683,161500.19669012714,120,1.0,Male,No,Not Graduate,No,Rural,Y
59183.601584568736,6239.217972047084,135194.16678750527,120,0.0,Female,No,Not Graduate,Yes,Semiurban,N
48596.68577082706,11595.872552095901,177193.95862629058,480,0.0,Male,Yes,Graduate,No,Semiurban,Y
16780.78132968017,16702.252230115722,209071.33100569856,120,0.0,Male,No,Graduate,No,Semiurban,Y
58592.364382651715,624.1376517712779,229751.47329177824,240,1.0,Male,No,Not Graduate,No,Urban,Y
54153.75374326222,10575.130395737086,172128.84734458395,480,0.0,Male,No,Graduate,No,Rural,Y
55431.57674390747,9199.336022166797,179350.10889282828,480,0.0,Female,Yes,Not Graduate,Yes,Urban,Y
24465.02848359381,13356.70038225233,153665.08455763446,360,1.0,Male,Yes,Not Graduate,No,Rural,Y
28378.869191834754,11065.983141188446,198428.04148126117,120,1.0,Female,No,Not Graduate,No,Urban,Y
71063.05706665808,6240.153341305904,157578.56829045928,120,1.0,Female,No,Graduate,Yes,Rural,Y
49208.8969228669,8404.73032166691,228656.39066206,240,1.0,Male,No,Not Graduate,No,Urban,Y
63630.01394745249,6019.870715982555,110706.67540329444,360,0.0,Male,Yes,Not Graduate,No,Semiurban,N
50566.367522609224,15380.035692992991,182018.5163773769,360,1.0,Female,Yes,Graduate,No,Urban,Y
50595.1227899149,10106.558243359712,215055.36695958712,480,1.0,Female,Yes,Graduate,No,Urban,Y
68765.67611951995,19505.95342876504,209191.72581612522,480,1.0,Male,No,Not Graduate,No,Semiurban,Y
39679.10543565252,9696.695930926897,334651.6831990248,480,1.0,Male,Yes,Graduate,No,Semiurban,N
51922.41553881967,6457.966165447686,217490.00122839538,240,1.0,Male,No,Graduate,No,Rural,Y
40754.49422589915,2431.428036935864,149797.27015789947,240,0.0,Male,No,Not Graduate,No,Rural,N
41310.07545135369,984.3016187202738,195226.78764554634,480,1.0,Male,Yes,Not Graduate,No,Rural,Y
43816.557530627215,2079.3202849725512,111187.6833266774,360,0.0,Female,No,Not Graduate,No,Urban,N
54442.67543267426,11335.633255057417,195970.01253516195,240,1.0,Male,Yes,Graduate,No,Rural,Y
40425.02756673045,12543.62511614967,158347.19714996207,360,1.0,Male,No,Graduate,No,Urban,Y
75115.12251147041,2094.046489839333,245769.51377800808,360,1.0,Female,No,Graduate,No,Urban,Y
32107.85395560992,14475.191570380577,172522.98627022325,120,1.0,Male,Yes,Not Graduate,No,Rural,Y
46262.56711677282,7584.694741582803,194161.70421023766,480,1.0,Male,No,Graduate,No,Rural,Y
41205.3788345165,10733.965059927747,168222.10792977983,120,1.0,Female,No,Graduate,No,Urban,Y
78939.55768707466,18061.103141277123,,480,1.0,Male,No,Not Graduate,No,Semiurban,N
53931.09553023149,14484.19657932766,183937.86169410442,480,1.0,Female,No,Not Graduate,No,Semiurban,Y
70636.8907893727,8657.346760470838,291627.85217396007,360,1.0,Male,No,Not Graduate,No,Urban,Y
20288.79253926056,5544.038872923563,240707.58810591334,480,1.0,Male,No,Graduate,No,Rural,N
55341.00531738518,-759.0770066465248,224103.3363667693,360,1.0,Male,No,Not Graduate,No,Urban,Y
67792.61591246874,6404.233403787899,218436.657365876,360,1.0,Female,No,Graduate,No,Urban,Y
51645.67978550848,8944.348805861528,219689.86491081258,480,1.0,Female,Yes,Graduate,No,Rural,Y
71309.60750130702,5064.1023642440805,103616.3710327195,360,1.0,Female,Yes,Not Graduate,No,Semiurban,Y
39654.230997992556,9343.715164538477,186055.83029246217,360,0.0,Female,No,Not Graduate,No,Urban,N
78186.9488037116,10384.259414793842,242257.89855921606,360,1.0,Male,No,Not Graduate,No,Semiurban,Y
95977.962472385,8875.720090959607,197555.14082629472,240,1.0,Female,Yes,Not Graduate,No,Semiurban,Y
42743.22879120682,6749.987095882701,129740.50765982125,360,1.0,Female,No,Not Graduate,No,Rural,Y
41089.949571984565,10843.273359833638,197379.77747112652,240,1.0,Female,Yes,Graduate,No,Urban,Y
79067.68954235403,12209.703247847045,285205.27581277455,240,1.0,Male,Yes,Graduate,No,Urban,Y
81591.44291461425,4548.0046127857695,262344.58577673597,360,1.0,Male,Yes,Graduate,No,Semiurban,Y
39542.799456934634,17054.66189873135,196899.7995316984,360,1.0,Female,No,Not Graduate,No,Semiurban,Y
41596.263658082855,9507.05933857869,247572.46385290433,240,1.0,Female,No,Graduate,No,Rural,Y
44364.30782278986,10094.248114724238,181674.64898159742,240,1.0,Male,No,Not Graduate,No,Semiurban,Y
23110.98977931446,13541.072116282787,114806.42065866405,360,0.0,Female,Yes,Not Graduate,No,Rural,N
31626.961070316036,11166.080656317508,153776.70059352228,360,0.0,Female,Yes,Graduate,No,Urban,N
29917.184664958644,14765.683169566226,278144.4384254099,480,1.0,Female,Yes,Graduate,No,Rural,Y
34644.04869791743,11435.62082600912,186300.3459085348,240,1.0,Female,No,Not Graduate,Yes,Semiurban,Y
49306.30225226437,6937.813126797811,187830.8010312491,240,1.0,Male,Yes,Graduate,No,Urban,Y
54684.294650730415,11807.517626030509,185008.09018625598,480,0.0,Male,Yes,Not Graduate,No,Rural,N
81010.00985628154,4281.3689633966915,295206.82947865035,240,1.0,Male,No,Graduate,Yes,Urban,Y
30032.919185224182,10542.798528882617,281297.9457681032,120,1.0,Female,Yes,Graduate,Yes,Rural,Y
69686.44796953167,9833.850046777696,310939.0116724067,240,1.0,Female,Yes,Graduate,No,Semiurban,Y
45720.22311548982,8959.415713637301,192047.73947999743,480,0.0,Male,No,Graduate,No,Semiurban,N
49010.72580695134,9357.312442805347,214781.22443735474,120,1.0,Male,No,Graduate,No,Urban,Y
63496.38984333207,590.7547725118038,124167.87252896045,360,1.0,Male,Yes,Not Graduate,No,Urban,Y
27545.559568754026,7256.3754612951925,273846.7213059137,480,1.0,Female,No,Graduate,No,Urban,N
57648.19492368101,10464.224505705573,141611.02243660326,480,1.0,Male,Yes,Graduate,No,Rural,Y
53329.04416426112,10799.281959987002,210838.77818813146,360,1.0,Female,No,Graduate,No,Semiurban,Y
59849.02528016298,4861.624295370209,145134.8736183578,480,1.0,Female,Yes,Not Graduate,No,Urban,Y
55783.37287815636,16328.539204323504,170556.6586630652,240,,Male,No,Not Graduate,No,Urban,N
99106.00279821789,5669.125758927496,,360,0.0,Male,Yes,Not Graduate,No,Urban,Y
37245.200314973685,14847.286002633684,169606.2369662091,480,1.0,Female,No,Not Graduate,Yes,Rural,N
39380.060899963646,12135.971809358423,173043.86484255106,360,1.0,Male,No,Not Graduate,Yes,Urban,Y
37537.18947150471,6768.863450780985,172586.56025374614,360,1.0,Male,No,Graduate,Yes,Urban,Y
38890.457616794905,18876.55446304756,241666.69558901535,360,1.0,Female,No,Graduate,No,Rural,Y
37252.25745386965,4031.8158412176,144756.860346874,120,1.0,Female,No,Graduate,No,Rural,N
73780.33062215103,14595.770868050007,211027.07135069335,480,1.0,Female,No,Not Graduate,No,Urban,Y
78410.0849597971,15002.911590214891,260897.9576152779,120,0.0,Female,No,Not Graduate,No,Urban,Y
38585.07412501048,6646.898954616776,174340.1817743302,480,1.0,Female,Yes,Graduate,No,Rural,N
33352.88853791542,16962.326500321644,164104.0554626199,240,1.0,Male,Yes,Not Graduate,No,Semiurban,N
59428.311127728084,8749.767427005236,188473.76874098746,240,1.0,Female,No,Not Graduate,No,Rural,Y
38955.539114380575,11443.468146399286,258986.2604180355,240,1.0,Female,No,Not Graduate,Yes,Semiurban,Y
62658.63635511021,11301.609193856104,209705.38154766787,480,0.0,Female,Yes,Graduate,No,Urban,N
54058.46041702599,9328.45629264726,173439.28526962007,360,1.0,Male,Yes,Graduate,No,Urban,Y
19685.11770005536,14054.04136579891,224193.83255940198,360,1.0,Female,No,Not Graduate,No,Semiurban,N
80950.10402660123,13967.443602761065,144885.39250817883,120,0.0,Female,Yes,Not Graduate,No,Rural,Y
85917.55346191043,1257.3401338090953,234067.9755221474,120,1.0,Female,Yes,Not Graduate,No,Urban,Y
37744.22619031228,16521.701214390763,220430.36538508837,240,1.0,Male,No,Not Graduate,No,Semiurban,Y
42245.968801280316,1687.5400598216293,184609.5764430558,120,0.0,Female,No,Graduate,No,Rural,N
55717.3078144981,15162.731021708287,158070.71007763845,480,1.0,Female,No,Not Graduate,No,Semiurban,Y
56689.1357997405,15633.525684137916,155665.95388582713,480,1.0,Female,Yes,Graduate,No,Rural,Y
63170.885453456605,4545.1678489240085,,120,1.0,Male,No,Graduate,No,Rural,Y
90204.090775327,7945.928560227076,261449.0251244531,120,1.0,Male,No,Graduate,No,Rural,Y
46461.05545011901,4471.476657570322,168134.61264856026,120,0.0,Male,Yes,Not Graduate,No,Rural,Y
34034.055109230925,8925.394848556323,222919.33517757422,120,0.0,Male,No,Graduate,No,Semiurban,N
22413.615439709454,8459.828579071294,95648.64906989656,240,1.0,Female,Yes,Graduate,No,Semiurban,N
35381.39920116162,13898.3026613467,170769.11346714,240,1.0,Female,Yes,Not Graduate,No,Semiurban,Y
49337.46054252406,16551.54373059804,198447.0533564549,120,1.0,Male,Yes,Not Graduate,No,Semiurban,Y
85891.15727035576,16978.41905394978,154515.82915090834,480,0.0,Male,Yes,Not Graduate,No,Semiurban,N
39647.77401927657,7189.159867108489,153174.68126052018,240,1.0,Female,Yes,Graduate,Yes,Rural,N
54475.75903277797,8953.890631277362,166611.0221765557,480,1.0,Female,Yes,Not Graduate,Yes,Urban,Y
49671.54207854496,1582.8090388952496,214609.63641631865,360,1.0,Male,No,Graduate,No,Urban,Y
73767.86546896168,5970.649667519056,190633.54907968125,480,1.0,Male,No,Graduate,No,Semiurban,Y
100538.64851747244,14824.258165487288,88088.4383337514,120,0.0,Male,No,Not Graduate,No,Semiurban,N
39382.624541593585,18077.91411774116,93964.99236824669,360,1.0,Male,Yes,Graduate,No,Urban,N
40211.21114963556,3828.2556406003896,169656.74110714122,240,1.0,Female,No,Graduate,Yes,Rural,Y
70883.21754138144,7037.678704235528,222884.3293026776,240,1.0,Male,Yes,Graduate,No,Semiurban,Y
63637.82979252623,9867.971215205365,62624.757863738254,360,1.0,Male,No,Graduate,No,Rural,Y
86934.14651472066,11400.805794098034,175013.49119241847,480,1.0,Female,Yes,Not Graduate,No,Urban,Y
61678.56370651928,5951.982400391769,173687.60717412893,240,1.0,Female,No,Graduate,No,Urban,Y
42814.158184258806,12120.305222320449,269416.8889104224,120,1.0,Female,Yes,Not Graduate,No,Semiurban,Y
61813.09661384619,7630.803264645419,180748.9094143568,360,1.0,Female,No,Graduate,Yes,Rural,Y
72174.07161165815,9927.738645608604,219149.4492370464,120,1.0,Female,Yes,Graduate,No,Semiurban,Y
66409.64362394728,12731.421240018499,207062.85700437316,360,1.0,Male,No,Not Graduate,No,Urban,Y
60145.48062214596,10032.111349054689,93471.67600963997,240,1.0,Male,Yes,Graduate,No,Rural,Y
71333.49379178308,7818.070547367157,238410.36083158688,480,1.0,Male,No,Graduate,No,Semiurban,Y
73385.91180891346,9451.950980370846,210769.8252728144,360,1.0,Female,No,Graduate,No,Semiurban,Y
77643.17982075055,9558.185203973324,225413.43198372948,360,1.0,Male,No,Graduate,No,Semiurban,Y
62974.19775179285,8149.9448505893615,396311.8853218163,120,0.0,Female,Yes,Graduate,No,Urban,Y
46657.63839366291,8706.019686664487,95794.35302507058,240,1.0,Male,Yes,Graduate,No,Semiurban,Y
52934.273728666456,17993.235852523583,286234.83248805546,120,1.0,Male,Yes,Not Graduate,No,Rural,Y
74130.17933016713,12804.597239706194,185627.62402998222,240,1.0,Female,Yes,Not Graduate,No,Semiurban,Y
33661.28658025528,8522.598409854198,214366.44522015046,120,1.0,Female,Yes,Not Graduate,No,Urban,Y
57373.46617745802,13484.772022553678,197724.3877349379,360,1.0,Male,No,Graduate,No,Semiurban,Y
42133.22375345279,8330.90255121995,178788.18333009782,120,1.0,Male,Yes,Graduate,No,Urban,Y
50574.89645869635,15865.623187933206,171508.35358806205,480,1.0,Male,No,Graduate,Yes,Urban,Y
75569.03725214598,11848.21096099047,216475.43677865044,240,1.0,Male,No,Not Graduate,Yes,Rural,Y
53821.981360398066,9463.489279978856,124141.31516641604,240,1.0,Male,Yes,Graduate,No,Rural,Y
50928.73096312297,12238.584629051387,237528.9583760883,360,1.0,Female,No,Not Graduate,No,Semiurban,Y
22802.877180401614,2145.6192396575034,179190.2797557373,240,1.0,Female,Yes,Graduate,No,Urban,N
64925.07132054441,4366.162655450974,143496.5330479821,480,0.0,Female,Yes,Graduate,No,Urban,Y
62909.68362282151,4030.374968004723,177499.3571002093,120,1.0,Female,Yes,Graduate,Yes,Rural,Y
93265.0944661092,10714.715473818535,262857.4608431286,360,1.0,Male,No,Not Graduate,No,Rural,Y
43844.435300939986,18662.574997425458,173233.24564918884,480,1.0,Male,Yes,Graduate,No,Semiurban,Y
54383.00655327878,21156.500730963162,217922.68091048102,240,1.0,Female,Yes,Not Graduate,No,Urban,Y
54987.673674215104,13190.255507203787,163452.18621422633,240,1.0,Male,Yes,Graduate,Yes,Rural,Y
81549.0655952695,12504.222374722285,237896.09249618097,480,1.0,Female,No,Graduate,No,Semiurban,N
48094.089352260955,994.7113292363047,234275.3869395102,120,1.0,Male,Yes,Not Graduate,No,Urban,Y
55580.430515406784,7286.631001329892,292430.44166482054,120,1.0,Male,No,Graduate,No,Urban,N
62157.93019433078,6061.081240458805,191221.80272503922,360,1.0,Male,No,Graduate,No,Rural,Y
53732.18246312716,6895.762008744419,233432.74023789534,240,0.0,Female,Yes,Graduate,No,Semiurban,N
41071.32770898943,9159.280907076052,204903.37697694724,480,1.0,Female,No,Graduate,No,Rural,Y
53881.79985796615,7639.547111514363,264793.5890931507,120,1.0,Female,No,Not Graduate,No,Semiurban,Y
71472.63499719545,103.50094812106181,164058.38061956348,360,0.0,Female,Yes,Not Graduate,Yes,Urban,N
29469.694011778796,13739.55128058767,237250.26564386406,240,1.0,Male,Yes,Graduate,No,Semiurban,Y
52659.39348293752,4636.284871300967,190265.13519416592,240,1.0,Male,Yes,Graduate,No,Semiurban,Y
35997.583701216536,11196.234320555748,196790.59114457513,360,0.0,Male,No,Not Graduate,Yes,Semiurban,N
73900.93257849685,20370.41334874987,204587.62422241864,360,,Male,Yes,Graduate,Yes,Semiurban,Y
19536.261904324507,5403.077042067883,212612.01982133387,120,1.0,Female,No,Not Graduate,No,Semiurban,Y
38821.563054568236,-2651.4376137316485,194188.54784390208,480,0.0,Male,No,Graduate,No,Rural,N
57544.237501290416,8569.978890599446,210735.6591585263,240,1.0,Male,No,Not Graduate,No,Semiurban,Y
81310.48058468681,15504.798174992855,278905.90287810925,480,1.0,Male,No,Not Graduate,No,Semiurban,Y
48684.99477854025,19791.737271102967,249272.48428076092,240,1.0,Female,No,Not Graduate,Yes,Urban,Y
38896.009466136034,3852.2520277379153,243457.72962484483,240,1.0,Female,Yes,Not Graduate,Yes,Semiurban,Y
87623.14138881181,12483.496116182609,177223.02369880647,480,1.0,Female,Yes,Graduate,No,Urban,Y
21039.72199167512,7673.447716099734,155537.9585885838,360,1.0,Male,No,Graduate,Yes,Rural,Y
6023.88086759836,9470.258228479322,247765.02791188765,120,0.0,Female,No,Not Graduate,No,Rural,N
58800.289001066645,23221.716735085174,243802.3396264897,240,1.0,Male,Yes,Not Graduate,No,Semiurban,Y
39958.91551294777,2485.148358024234,273633.5337875491,360,1.0,Male,Yes,Not Graduate,No,Rural,Y
29575.343657385736,11268.698307472867,169800.9687015385,240,0.0,Male,No,Not Graduate,No,Semiurban,N
64167.12894598707,12338.465858827167,188522.56723198266,120,1.0,Female,No,Graduate,Yes,Rural,Y
54876.01427542398,15428.931624696736,118025.79187372829,240,1.0,Female,Yes,Not Graduate,No,Semiurban,Y
38718.42738526543,10489.915767354478,180376.44469695634,120,1.0,Male,Yes,Not Graduate,No,Semiurban,N
24393.91202658211,11540.252697520511,249828.52552897236,120,1.0,Male,No,Not Graduate,No,Urban,N
67449.14656560289,8041.757162891045,176675.2310385901,240,1.0,Female,Yes,Not Graduate,No,Urban,Y
63004.02355917322,11345.634706225537,232023.98976004118,240,1.0,Female,Yes,Not Graduate,No,Urban,Y
48016.482724412344,8284.038622512948,190474.84470010945,120,1.0,Female,No,Not Graduate,No,Urban,Y
86932.73992095332,13107.859449280255,216202.85141107804,360,1.0,Male,No,Not Graduate,No,Semiurban,Y
28598.30467347695,8151.94831978183,142615.43050921662,480,1.0,Male,No,Graduate,No,Rural,N
19489.496581505224,11885.501969510933,204260.47248169506,120,1.0,Male,Yes,Not Graduate,No,Semiurban,N
36161.83860237511,9853.685931575108,50443.201454963826,240,1.0,Female,No,Not Graduate,No,Urban,Y
49088.27967289004,15630.25125386084,190655.19209190077,240,1.0,Female,Yes,Not Graduate,No,Urban,N
54866.78898645384,9743.031382057568,118476.33781424299,360,,Female,No,Graduate,No,Rural,Y
45175.278842873406,1134.8376589655927,260299.7258273408,480,1.0,Male,No,Graduate,Yes,Urban,Y
57041.107930285936,16309.607503569958,238870.36763822555,120,0.0,Male,Yes,Graduate,No,Semiurban,N
24969.211516191117,5471.338495686906,223333.54909830407,120,1.0,Female,Yes,Not Graduate,No,Semiurban,Y
78875.29208146519,6731.168306755901,276050.311357969,480,1.0,Male,No,Not Graduate,No,Semiurban,Y
48356.97643214862,7021.693529782539,,120,0.0,Female,No,Not Graduate,No,Semiurban,Y
72345.91663176255,16872.190465854088,287368.15989577794,480,1.0,Male,Yes,Graduate,No,Semiurban,Y
56854.50692755408,-678.3710698934774,246609.57821301924,240,1.0,Female,No,Not Graduate,No,Rural,Y
59135.064383075674,25688.74266829997,188172.2356390527,480,1.0,Male,Yes,Graduate,No,Semiurban,Y
61395.34560464408,15280.28404533026,256781.0073591472,120,1.0,Male,Yes,Graduate,No,Urban,Y
58954.1712003463,11116.1945706458,144685.32437941828,480,1.0,Female,No,Graduate,Yes,Urban,Y
62854.45519735088,9725.529996918569,158774.2919236163,360,1.0,Female,Yes,Graduate,No,Urban,Y
76583.05060264863,11427.770374288284,169570.51383801497,240,0.0,Female,Yes,Graduate,No,Urban,Y
53930.4233940294,12605.61214189669,173551.11459679925,240,1.0,Female,Yes,Not Graduate,No,Rural,Y
64180.075151770245,13226.077929750285,147172.11786198735,480,1.0,Female,No,Not Graduate,No,Urban,Y
48205.28611425547,12778.022330017242,261154.15335476625,120,1.0,Male,Yes,Graduate,No,Rural,Y
78802.34430898946,10447.903406276244,187057.2799815084,360,1.0,Female,No,Not Graduate,No,Urban,Y
36472.153958814604,9013.30789846337,217625.24841784398,240,1.0,Female,No,Not Graduate,Yes,Rural,Y
86018.80865821632,9243.633581732442,171482.43167931598,240,1.0,Female,No,Graduate,No,Rural,Y
49196.84098711313,9025.458598236595,108969.83497257414,120,0.0,Male,Yes,Graduate,No,Rural,N
21384.497957639036,15668.850484335322,213502.86791957112,120,,Female,Yes,Not Graduate,No,Urban,N
52562.088298215785,12967.78361140431,104387.25122901116,360,1.0,Female,No,Not Graduate,No,Rural,Y
36378.96685050239,-4701.9431733214005,196568.29769572656,480,1.0,Female,No,Not Graduate,No,Semiurban,Y
66812.87097977448,13279.503882648805,131584.2480583595,120,1.0,Male,Yes,Not Graduate,No,Semiurban,Y
36947.52041395218,10973.680973593875,299363.7999615404,480,1.0,Male,No,Graduate,Yes,Urban,N
41076.33133570441,9906.456217770512,245568.1361087361,360,0.0,Female,No,Not Graduate,No,Semiurban,Y
12209.18538108938,8057.407734555571,205287.689563574,480,1.0,Male,Yes,Graduate,No,Semiurban,Y
40953.87361501846,15620.563599930068,,240,1.0,Female,No,Graduate,No,Semiurban,Y
1522.413467420869,14737.632310614288,157684.20112671322,480,1.0,Male,Yes,Not Graduate,No,Urban,Y
18321.943530285535,6135.611660881954,227173.96893350466,360,1.0,Female,Yes,Not Graduate,No,Urban,Y
65208.293122885945,12035.261435622675,209990.52168593567,360,1.0,Male,No,Not Graduate,Yes,Semiurban,Y
65716.00317301665,5141.71632729357,213201.0040666835,360,0.0,Female,Yes,Graduate,No,Urban,Y
58509.1512356993,3101.9091760553474,263617.6750053384,480,1.0,Female,Yes,Graduate,Yes,Rural,Y
30660.47713741574,6866.413877050174,236624.6051389901,240,1.0,Male,Yes,Graduate,No,Semiurban,Y
49045.7728771604,14311.967361913794,214436.18314125115,120,1.0,Female,No,Graduate,No,Urban,Y
49927.94921818863,14765.625226880435,117255.6281885852,240,1.0,Female,No,Not Graduate,No,Urban,Y
26832.706216149145,12565.427100486464,151997.68523602682,480,0.0,Female,No,Graduate,No,Semiurban,N
80067.96603534301,13625.478934239985,193864.5533202138,480,0.0,Female,Yes,Graduate,Yes,Urban,Y
67547.24581151342,12580.891435574791,204668.61871383258,120,1.0,Male,Yes,Not Graduate,No,Semiurban,Y
45580.71652340672,6792.5920238852395,143489.81376630382,480,1.0,Female,No,Graduate,No,Urban,Y
50537.716779890616,12159.612723369704,,360,0.0,Male,No,Graduate,No,Rural,N
54167.65615895105,14002.047626138412,275819.7027626786,360,0.0,Male,Yes,Not Graduate,No,Semiurban,Y
9165.30263151419,13771.456649067872,230105.9160196242,360,0.0,Male,No,Graduate,No,Rural,N
45056.452349588064,15944.566857373215,,360,1.0,Male,No,Graduate,No,Semiurban,N
36360.31504004403,13541.519236005319,189389.5515049424,360,0.0,Female,No,Graduate,Yes,Urban,N
29967.59980210169,11757.241037707914,152404.07699888822,480,1.0,Female,No,Graduate,No,Rural,N
44377.994142280906,15350.751191582138,203874.02592594313,120,1.0,Male,No,Not Graduate,No,Urban,Y
85953.73053699045,9867.3937037547,212887.62700713752,120,1.0,Female,Yes,Graduate,No,Semiurban,Y
62816.857225340194,5590.626743861411,137911.9712259188,360,0.0,Male,No,Not Graduate,No,Semiurban,Y
38576.42020434406,9184.665180281181,,480,1.0,Female,No,Graduate,Yes,Semiurban,Y
61451.65562712317,6275.4867759677545,,240,0.0,Female,Yes,Not Graduate,Yes,Semiurban,Y
